"Days Inn by Wyndham Toronto West Mississauga, Mississauga",HOTEL,$114 CAD,,See all 672 Hotels.com reviews,Good6.4,"1 room, 1 adult","['43.626422', '-79.629361']"
"Days Inn by Wyndham Toronto East Beaches, Toronto",HOTEL,$142 CAD,,See all 548 Hotels.com reviews,Good6.4,"1 room, 1 adult","['43.667179', '-79.313069']"
"Best Western Parkway Hotel Toronto North, Richmond Hill",HOTEL,$90 CAD,,See all 620 Hotels.com reviews,Fabulous8.6,"1 room, 1 adult","['43.846', '-79.38276']"
"Delta Hotels by Marriott Toronto East, Toronto",HOTEL,$131 CAD,,,,"1 room, 1 adult","['43.777737', '-79.283282']"
"Days Inn by Wyndham Toronto East Lakeview, Toronto",HOTEL,$94 CAD,,See all 647 Hotels.com reviews,Very Good8.0,"1 room, 1 adult","['43.701317', '-79.254286']"
"Holiday Inn Toronto - Int'l Airport, Toronto",HOTEL,$110 CAD,,"See all 1,049 Hotels.com reviews",Very Good8.0,"1 room, 1 adult","['43.687025', '-79.599619']"
"Knights Inn Toronto East, Toronto",HOTEL,$89 CAD,,See all 424 Hotels.com reviews,Very Good8.0,"1 room, 1 adult","['43.768815', '-79.301076']"
"Quality Inn Airport West, Mississauga",HOTEL,$99 CAD,,See all 402 Hotels.com reviews,Very Good8.0,"1 room, 1 adult","['43.627349', '-79.678353']"
"Bond Place Hotel, Toronto",HOTEL,$139 CAD,,"See all 2,492 Hotels.com reviews",Good7.0,"1 room, 1 adult","['43.656244', '-79.378298']"
"Courtyard by Marriott Toronto Northeast/Markham, Markham",HOTEL,$103 CAD,,See all 560 Hotels.com reviews,Very Good8.0,"1 room, 1 adult","['43.816428', '-79.349294']"
"Holiday Inn Toronto Yorkdale, Toronto",HOTEL,$162 CAD,,See all 566 Hotels.com reviews,Very Good8.0,"1 room, 1 adult","['43.726553', '-79.460101']"
"Courtyard by Marriott Downtown Toronto, Toronto",HOTEL,$170 CAD,,"See all 1,746 Hotels.com reviews",Very Good8.0,"1 room, 1 adult","['43.662218', '-79.382537']"
"Sheraton Gateway Hotel In Toronto International Airport, Mississauga",HOTEL,$188 CAD,,"See all 1,703 Hotels.com reviews",Good7.6,"1 room, 1 adult","['43.686334', '-79.620642']"
"InterContinental Toronto Centre, Toronto",HOTEL,$162 CAD,,"See all 1,618 Hotels.com reviews",10.0,"1 room, 1 adult","['43.644654', '-79.385548']"
"Holiday Inn Mississauga Toronto West, Mississauga",HOTEL,$115 CAD,,See all 168 Hotels.com reviews,Very Good8.0,"1 room, 1 adult","['43.628551', '-79.676728']"
"Holiday Inn Express & Suites Mississauga-Toronto Southwest, Mississauga",HOTEL,$103 CAD,,See all 439 Hotels.com reviews,Fabulous8.6,"1 room, 1 adult","['43.523403', '-79.650317']"
"Pearson Hotel and Conference Centre Toronto Airport, Toronto",HOTEL,$107 CAD,,"See all 2,164 Hotels.com reviews",Very Good8.0,"1 room, 1 adult","['43.699706', '-79.585279']"
"Hilton Toronto/Markham Suites Conference Centre & Spa, Markham",HOTEL,$131 CAD,,"See all 1,429 Hotels.com reviews",Fabulous8.8,"1 room, 1 adult","['43.853309', '-79.334129']"
"Ramada Plaza by Wyndham Toronto Downtown, Toronto",HOTEL,$145 CAD,,"See all 1,742 Hotels.com reviews",Very Good8.0,"1 room, 1 adult","['43.661506', '-79.376319']"
"Best Western Plus Toronto Airport Hotel, Mississauga",HOTEL,$109 CAD,,See all 805 Hotels.com reviews,Very Good8.0,"1 room, 1 adult","['43.652121', '-79.643009']"
"Suites Toronto Vaughan South, Vaughan",HOTEL,$135 CAD,,See all 398 Hotels.com reviews,Superb9.0,"1 room, 1 adult","['43.771856', '-79.539219']"
"TownePlace Suites by Marriott Mississauga-Arpt Corp Ctr, Mississauga",HOTEL,$134 CAD,,"See all 1,051 Hotels.com reviews",Very Good8.0,"1 room, 1 adult","['43.65631', '-79.59952']"
"Radisson Admiral Hotel Toronto Harbourfront, Toronto",HOTEL,$135 CAD,,"See all 1,356 Hotels.com reviews",Fabulous8.6,"1 room, 1 adult","['43.638986', '-79.385516']"
"Town Inn Suites Toronto, Toronto",HOTEL,$127 CAD,,See all 603 Hotels.com reviews,Very Good8.0,"1 room, 1 adult","['43.669141', '-79.382414']"
"Comfort Inn Toronto Northeast, Markham",HOTEL,$116 CAD,,See all 389 Hotels.com reviews,Very Good8.0,"1 room, 1 adult","['43.845696', '-79.358105']"
"Embassy Suites by Hilton Toronto Airport, Toronto",HOTEL,$143 CAD,,"See all 1,003 Hotels.com reviews",Very Good8.0,"1 room, 1 adult","['43.687501', '-79.595887']"
"Strathcona Hotel, Toronto",HOTEL,$148 CAD,,"See all 2,147 Hotels.com reviews",Good7.0,"1 room, 1 adult","['43.646309', '-79.382905']"
"Toronto Don Valley Hotel and Suites, Toronto",HOTEL,$116 CAD,,"See all 2,318 Hotels.com reviews",Very Good8.0,"1 room, 1 adult","['43.725883', '-79.327073']"
"InterContinental Toronto Yorkville, Toronto",HOTEL,$202 CAD,,See all 483 Hotels.com reviews,Very Good8.0,"1 room, 1 adult","['43.668284', '-79.396105']"
"Glenerin Inn, Mississauga",HOTEL,$119 CAD,,See all 178 Hotels.com reviews,Very Good8.2,"1 room, 1 adult","['43.543433', '-79.665166']"
"Montecassino Hotel and Event Venue, Toronto",HOTEL,$98 CAD,,See all 920 Hotels.com reviews,Very Good8.0,"1 room, 1 adult","['43.756334', '-79.474424']"
"The Westin Harbour Castle, Toronto, Toronto",HOTEL,$143 CAD,,"See all 2,355 Hotels.com reviews",Good7.0,"1 room, 1 adult","['43.640934', '-79.37571']"
"Alexandra Hotel, Toronto",HOTEL,$99 CAD,,See all 518 Hotels.com reviews,Fair5.8,"1 room, 1 adult","['43.649823', '-79.402891']"
"Holiday Inn Oakville Centre, Oakville",HOTEL,$121 CAD,,See all 261 Hotels.com reviews,Good6.2,"1 room, 1 adult","['43.457708', '-79.685097']"
"Days Inn by Wyndham Toronto East Beaches, Toronto",HOTEL,$142 CAD,,See all 548 Hotels.com reviews,Good6.4,"1 room, 1 adult","['43.667179', '-79.313069']"
"Park Inn By Radisson Toronto - Markham, Markham",HOTEL,$89 CAD,,"See all 1,402 Hotels.com reviews",Good7.8,"1 room, 1 adult","['43.844195', '-79.365925']"
"Studio 6 Toronto, Toronto",HOTEL,,,See all 158 Hotels.com reviews,Very Good8.0,"1 room, 1 adult","['43.650994', '-79.400833']"
"Novotel Toronto Centre, Toronto",HOTEL,$170 CAD,,"See all 1,601 Hotels.com reviews",10.0,"1 room, 1 adult","['43.646604', '-79.374696']"
"Travelodge by Wyndham Toronto East, Toronto",HOTEL,$129 CAD,,See all 786 Hotels.com reviews,Good7.8,"1 room, 1 adult","['43.788442', '-79.234906']"
"Comfort Inn Airport West, Mississauga",HOTEL,$94 CAD,,See all 816 Hotels.com reviews,Good7.6,"1 room, 1 adult","['43.643042', '-79.629621']"
"Four Points by Sheraton Toronto Airport East, Toronto",HOTEL,$118 CAD,,See all 189 Hotels.com reviews,Good7.2,"1 room, 1 adult","['43.705106', '-79.550441']"
"Holiday Inn Express Toronto - Downtown, Toronto",HOTEL,$149 CAD,,See all 844 Hotels.com reviews,Very Good8.0,"1 room, 1 adult","['43.652296', '-79.372931']"
"Kimpton Saint George, Toronto",HOTEL,$202 CAD,,See all 340 Hotels.com reviews,Very Good8.0,"1 room, 1 adult","['43.667317', '-79.400767']"
"Comfort Inn Toronto North, Toronto",HOTEL,$94 CAD,,See all 409 Hotels.com reviews,Very Good8.0,"1 room, 1 adult","['43.757608', '-79.528278']"
"Four Seasons Hotel Toronto, Toronto",HOTEL,$545 CAD,,See all 172 Hotels.com reviews,Superb9.2,"1 room, 1 adult","['43.671515', '-79.389433']"
"Four Points by Sheraton Toronto Airport, Mississauga",HOTEL,$103 CAD,,"See all 1,078 Hotels.com reviews",Very Good8.0,"1 room, 1 adult","['43.689398', '-79.621664']"
"Novotel Toronto North York, Toronto",HOTEL,$174 CAD,,See all 670 Hotels.com reviews,Good7.2,"1 room, 1 adult","['43.768977', '-79.414387']"
"Toronto Airport Marriott Hotel, Toronto",HOTEL,$143 CAD,,See all 384 Hotels.com reviews,Very Good8.0,"1 room, 1 adult","['43.686726', '-79.593875']"
"Edward Hotel Markham, Markham",HOTEL,$95 CAD,,"See all 1,020 Hotels.com reviews",Very Good8.0,"1 room, 1 adult","['43.847722', '-79.364133']"
"The Fairmont Royal York, Toronto",HOTEL,$169 CAD,,"See all 4,751 Hotels.com reviews",Very Good8.0,"1 room, 1 adult","['43.645527', '-79.381684']"
"Toronto Marriott City Centre Hotel, Toronto",HOTEL,$183 CAD,,See all 655 Hotels.com reviews,Very Good8.0,"1 room, 1 adult","['43.642316', '-79.390872']"
"Cambridge Suites Hotel - Toronto, Toronto",HOTEL,$155 CAD,,"See all 2,428 Hotels.com reviews",Very Good8.0,"1 room, 1 adult","['43.65169', '-79.37819']"
"Hotel Victoria, Toronto",HOTEL,$152 CAD,,"See all 1,074 Hotels.com reviews",Very Good8.0,"1 room, 1 adult","['43.648206', '-79.377512']"
"Delta Hotels by Marriott Toronto Airport & Conference Centre, Toronto",HOTEL,$125 CAD,,"See all 1,265 Hotels.com reviews",Very Good8.0,"1 room, 1 adult","['43.689844', '-79.578467']"
"The Westin Prince Toronto, Toronto",HOTEL,$170 CAD,,See all 792 Hotels.com reviews,Good7.0,"1 room, 1 adult","['43.755079', '-79.350433']"
"Hyatt Regency Toronto, Toronto",HOTEL,$171 CAD,,See all 945 Hotels.com reviews,Superb9.0,"1 room, 1 adult","['43.646077', '-79.392299']"
"Comfort Inn Pickering, Pickering",HOTEL,$94 CAD,,See all 493 Hotels.com reviews,Good6.6,"1 room, 1 adult","['43.813571', '-79.122811']"
"The Westin Toronto Airport, Toronto",HOTEL,$127 CAD,,See all 421 Hotels.com reviews,Very Good8.2,"1 room, 1 adult","['43.686713', '-79.598546']"
"Four Points by Sheraton Toronto Mississauga, Mississauga",HOTEL,$116 CAD,,See all 372 Hotels.com reviews,Good7.6,"1 room, 1 adult","['43.657474', '-79.650566']"
"Holiday Inn Express Toronto East - Scarborough, Toronto",HOTEL,$131 CAD,,See all 552 Hotels.com reviews,Very Good8.0,"1 room, 1 adult","['43.782705', '-79.236002']"
"Days Inn by Wyndham Toronto West Mississauga, Mississauga",HOTEL,$114 CAD,,See all 672 Hotels.com reviews,Good6.4,"1 room, 1 adult","['43.626422', '-79.629361']"
"Park Hyatt Toronto, Toronto",HOTEL,,,See all 180 Hotels.com reviews,Good7.0,"1 room, 1 adult","['43.668756', '-79.394161']"
"Holiday Inn Toronto Airport East, Toronto",HOTEL,$103 CAD,,See all 351 Hotels.com reviews,Good7.2,"1 room, 1 adult","['43.691346', '-79.572735']"
"Quality Suites Oakville, Oakville",HOTEL,$93 CAD,,See all 340 Hotels.com reviews,Good7.0,"1 room, 1 adult","['43.407702', '-79.737874']"
"DoubleTree by Hilton Hotel Toronto Downtown, Toronto",HOTEL,$158 CAD,,"See all 2,601 Hotels.com reviews",Very Good8.0,"1 room, 1 adult","['43.654675', '-79.385815']"
"Hilton Toronto Airport Hotel & Suites, Mississauga",HOTEL,$123 CAD,,"See all 1,654 Hotels.com reviews",8.0,"1 room, 1 adult","['43.686138', '-79.605052']"
"Best Western Plus Toronto North York Hotel & Suites, Toronto",HOTEL,$104 CAD,,See all 991 Hotels.com reviews,Very Good8.0,"1 room, 1 adult","['43.757317', '-79.527788']"
"Sheraton Centre Toronto Hotel, Toronto",HOTEL,$151 CAD,,"See all 2,349 Hotels.com reviews",Very Good8.0,"1 room, 1 adult","['43.651294', '-79.384486']"
"Comfort Inn Brampton, Brampton",HOTEL,$89 CAD,,See all 287 Hotels.com reviews,Good6.4,"1 room, 1 adult","['43.700531', '-79.740718']"
"The Roehampton Hotel, Toronto",HOTEL,$89 CAD,,See all 906 Hotels.com reviews,Good7.4,"1 room, 1 adult","['43.708881', '-79.390491']"
"Radisson Suite Hotel - Toronto Airport, Toronto",HOTEL,$127 CAD,,"See all 1,072 Hotels.com reviews",Very Good8.0,"1 room, 1 adult","['43.690583', '-79.575825']"
"Comfort Hotel Airport North, Toronto",HOTEL,$117 CAD,,See all 302 Hotels.com reviews,Very Good8.0,"1 room, 1 adult","['43.715832', '-79.592686']"
"The Omni King Edward Hotel, Toronto",HOTEL,$206 CAD,,"See all 1,726 Hotels.com reviews",Very Good8.0,"1 room, 1 adult","['43.649499', '-79.376246']"
"Marriott Downtown at CF Toronto Eaton Centre, Toronto",HOTEL,$195 CAD,,"See all 1,033 Hotels.com reviews",Very Good8.0,"1 room, 1 adult","['43.654779', '-79.383163']"
"Holiday Inn Toronto Downtown Centre, Toronto",HOTEL,$158 CAD,,"See all 1,548 Hotels.com reviews",Very Good8.0,"1 room, 1 adult","['43.661502', '-79.381053']"
"Hilton Mississauga/Meadowvale, Mississauga",HOTEL,$120 CAD,,See all 863 Hotels.com reviews,Very Good8.0,"1 room, 1 adult","['43.6004', '-79.74118']"
"Chelsea Hotel, Toronto, Toronto",HOTEL,$149 CAD,,"See all 6,947 Hotels.com reviews",Very Good8.0,"1 room, 1 adult","['43.658878', '-79.383115']"
"Sheraton Toronto Airport Hotel & Conference Centre, Toronto",HOTEL,$139 CAD,,See all 382 Hotels.com reviews,Very Good8.0,"1 room, 1 adult","['43.686992', '-79.586317']"
"DoubleTree by Hilton Toronto Airport West, Mississauga",HOTEL,$101 CAD,,See all 679 Hotels.com reviews,Good7.8,"1 room, 1 adult","['43.643685', '-79.633265']"
"Holiday Inn Express Toronto - North York, Toronto",HOTEL,$115 CAD,,See all 549 Hotels.com reviews,Very Good8.0,"1 room, 1 adult","['43.757095', '-79.526514']"
"Quality Inn & Suites, Mississauga",HOTEL,$94 CAD,,"See all 1,270 Hotels.com reviews",Good7.8,"1 room, 1 adult","['43.644717', '-79.638914']"
"Windsor Arms Hotel, Toronto",HOTEL,$455 CAD,,See all 166 Hotels.com reviews,Very Good8.0,"1 room, 1 adult","['43.668863', '-79.390866']"
"Pembroke Inn, Toronto",HOTEL,$98 CAD,,See all 305 Hotels.com reviews,Fair5.8,"1 room, 1 adult","['43.66032', '-79.373286']"
"Edwards Inn, Mississauga",HOTEL,,,See all 425 Hotels.com reviews,Very Good8.0,"1 room, 1 adult","['43.649507', '-79.704822']"
"Holiday Inn Hotel & Suites Oakville @ Bronte, Oakville",HOTEL,$110 CAD,,See all 246 Hotels.com reviews,Good6.2,"1 room, 1 adult","['43.409855', '-79.736428']"
"Radisson Hotel Toronto East, Toronto",HOTEL,,,See all 182 Hotels.com reviews,Very Good8.0,"1 room, 1 adult","['43.769634', '-79.322571']"
"DoubleTree by Hilton Toronto Airport, Toronto",HOTEL,$118 CAD,,"See all 1,580 Hotels.com reviews",Very Good8.0,"1 room, 1 adult","['43.686643', '-79.596985']"
"Sandman Signature Mississauga Hotel, Mississauga",HOTEL,$129 CAD,,,Very Good8.0,"1 room, 1 adult","['43.64355', '-79.63169']"
"Super Hotel Toronto North, Vaughan",HOTEL,,,See all 648 Hotels.com reviews,Superb9.0,"1 room, 1 adult","['43.775077', '-79.530631']"
"Four Points by Sheraton Mississauga Meadowvale, Mississauga",HOTEL,$105 CAD,,See all 512 Hotels.com reviews,Very Good8.0,"1 room, 1 adult","['43.600904', '-79.755616']"
"Comfort Inn Toronto Airport, Mississauga",HOTEL,$110 CAD,,See all 584 Hotels.com reviews,Very Good8.0,"1 room, 1 adult","['43.690909', '-79.625076']"
"Hotel Carlingview Toronto Airport, Toronto",HOTEL,$106 CAD,,"See all 1,918 Hotels.com reviews",Good6.6,"1 room, 1 adult","['43.684719', '-79.594599']"
"The Grand Hotel & Suites Toronto, Toronto",HOTEL,$197 CAD,,"See all 3,627 Hotels.com reviews",Fabulous8.8,"1 room, 1 adult","['43.65638', '-79.37409']"
"Staybridge Suites by Holiday Inn Toronto-Markham, Markham",HOTEL,$103 CAD,,See all 334 Hotels.com reviews,Fabulous8.6,"1 room, 1 adult","['43.838232', '-79.388068']"
"Howard Johnson by Wyndham Toronto Downtown West, Toronto",HOTEL,$101 CAD,,See all 249 Hotels.com reviews,Good7.0,"1 room, 1 adult","['43.639114', '-79.446263']"
"Holiday Inn Express Hotel & Suites Toronto - Mississauga, Mississauga",HOTEL,$106 CAD,,See all 318 Hotels.com reviews,Very Good8.0,"1 room, 1 adult","['43.644202', '-79.701554']"
"Quality Inn & Suites, Brampton",HOTEL,$90 CAD,,See all 576 Hotels.com reviews,Good6.4,"1 room, 1 adult","['43.700995', '-79.736979']"
"Crowne Plaza Toronto Airport, Toronto",HOTEL,$103 CAD,,See all 848 Hotels.com reviews,Very Good8.0,"1 room, 1 adult","['43.690134', '-79.584384']"
"Courtyard by Marriott Toronto Airport, Toronto",HOTEL,$149 CAD,,See all 252 Hotels.com reviews,Good7.0,"1 room, 1 adult","['43.685029', '-79.594726']"
"Days Inn by Wyndham Toronto East Lakeview, Toronto",HOTEL,$94 CAD,,See all 647 Hotels.com reviews,Very Good8.0,"1 room, 1 adult","['43.701317', '-79.254286']"
"Best Western Plus Travel Hotel Toronto Airport, Toronto",HOTEL,$109 CAD,,"See all 1,023 Hotels.com reviews",Fabulous8.8,"1 room, 1 adult","['43.653145', '-79.601288']"
"Holiday Inn Hotel & Suites Mississauga, Mississauga",HOTEL,$114 CAD,,See all 595 Hotels.com reviews,Very Good8.0,"1 room, 1 adult","['43.601737', '-79.757631']"
"Hampton Inn by Hilton Toronto-Mississauga West, Mississauga",HOTEL,$115 CAD,,See all 650 Hotels.com reviews,Very Good8.0,"1 room, 1 adult","['43.52484', '-79.65024']"
"Monte Carlo Inn Airport Suites, Mississauga",HOTEL,$108 CAD,,"See all 1,192 Hotels.com reviews",8.0,"1 room, 1 adult","['43.649455', '-79.704678']"
"Hilton Garden Inn Toronto/Oakville, Oakville",HOTEL,$125 CAD,,See all 410 Hotels.com reviews,Good6.2,"1 room, 1 adult","['43.502881', '-79.669657']"
"Hilton Garden Inn Toronto - Mississauga, Mississauga",HOTEL,$110 CAD,,See all 429 Hotels.com reviews,Very Good8.0,"1 room, 1 adult","['43.624205', '-79.673153']"
"Super 8 by Wyndham Toronto East ON, Toronto",HOTEL,$97 CAD,,See all 331 Hotels.com reviews,Very Good8.0,"1 room, 1 adult","['43.733016', '-79.223687']"
"Residence Inn by Marriott Toronto Markham, Markham",HOTEL,$123 CAD,,See all 233 Hotels.com reviews,Very Good8.0,"1 room, 1 adult","['43.842351', '-79.380476']"
"Residence Inn by Marriott Toronto Mississauga/Meadowvale, Mississauga",HOTEL,$143 CAD,,See all 238 Hotels.com reviews,Fabulous8.6,"1 room, 1 adult","['43.601247', '-79.752118']"
"Travelodge by Wyndham Richmond Hill, Richmond Hill",HOTEL,$89 CAD,,See all 452 Hotels.com reviews,Good6.6,"1 room, 1 adult","['43.888533', '-79.441254']"
"Courtyard by Marriott Toronto Markham, Markham",HOTEL,$103 CAD,,See all 559 Hotels.com reviews,Very Good8.0,"1 room, 1 adult","['43.842351', '-79.380476']"
"Courtyard by Marriott Toronto Mississauga/Meadowvale, Mississauga",HOTEL,$104 CAD,,See all 712 Hotels.com reviews,Very Good8.0,"1 room, 1 adult","['43.601247', '-79.752118']"
"Courtyard by Marriott Toronto Vaughan, Vaughan",HOTEL,$131 CAD,,See all 560 Hotels.com reviews,Superb9.0,"1 room, 1 adult","['43.787791', '-79.534144']"
"Best Western Plus Executive Inn, Toronto",HOTEL,$139 CAD,,See all 601 Hotels.com reviews,Very Good8.0,"1 room, 1 adult","['43.783172', '-79.237219']"
"Monte Carlo Inn Toronto West Suites, Mississauga",HOTEL,$99 CAD,,See all 284 Hotels.com reviews,Very Good8.0,"1 room, 1 adult","['43.619855', '-79.572391']"
"Monte Carlo Inn Oakville Suites, Oakville",HOTEL,$85 CAD,,See all 663 Hotels.com reviews,Good6.2,"1 room, 1 adult","['43.462169', '-79.682314']"
"Hilton Garden Inn Toronto/Markham, Markham",HOTEL,$105 CAD,,See all 686 Hotels.com reviews,Very Good8.0,"1 room, 1 adult","['43.844397', '-79.377546']"
"The SoHo Hotel & Residences, Toronto",HOTEL,$250 CAD,,See all 362 Hotels.com reviews,Very Good8.0,"1 room, 1 adult","['43.644667', '-79.392144']"
"Fairfield Inn by Marriott Toronto Oakville, Oakville",HOTEL,$84 CAD,,See all 184 Hotels.com reviews,Good6.2,"1 room, 1 adult","['43.50626', '-79.66268']"
"Hilton Toronto, Toronto",HOTEL,$170 CAD,,"See all 1,094 Hotels.com reviews",Fabulous8.8,"1 room, 1 adult","['43.650143', '-79.386086']"
"The Waterside Inn, Mississauga",HOTEL,$130 CAD,,See all 500 Hotels.com reviews,Good7.8,"1 room, 1 adult","['43.55139', '-79.584071']"
"Super 8 by Wyndham Ajax/Toronto On, Ajax",HOTEL,$104 CAD,,See all 454 Hotels.com reviews,Exceptional9.6,"1 room, 1 adult","['43.84291', '-79.03625']"
"Le Germain Hotel Toronto, Toronto",HOTEL,$279 CAD,,See all 289 Hotels.com reviews,Exceptional9.6,"1 room, 1 adult","['43.64579', '-79.39105']"
"Hampton Inn & Suites by Hilton Toronto Airport, Mississauga",HOTEL,$116 CAD,,"See all 1,809 Hotels.com reviews",Very Good8.4,"1 room, 1 adult","['43.688677', '-79.607465']"
"Old Mill Toronto, Toronto",HOTEL,$215 CAD,,See all 343 Hotels.com reviews,Very Good8.4,"1 room, 1 adult","['43.651169', '-79.493298']"
"Stay Inn, Toronto",HOTEL,$145 CAD,,See all 349 Hotels.com reviews,Very Good8.0,"1 room, 1 adult","['43.611917', '-79.543817']"
"Monte Carlo Inn Toronto - Markham, Markham",HOTEL,$94 CAD,,See all 500 Hotels.com reviews,Very Good8.2,"1 room, 1 adult","['43.85929', '-79.36127']"
"Monte Carlo Inn - Brampton Suites, Brampton",HOTEL,$91 CAD,,See all 716 Hotels.com reviews,Good6.4,"1 room, 1 adult","['43.740365', '-79.693124']"
"St Lawrence Residences And Suites, Toronto",HOTEL,$82 CAD,,See all 106 Hotels.com reviews,Good7.0,"1 room, 1 adult","['43.653286', '-79.373037']"
"Motel 6 Toronto - Brampton, Brampton",HOTEL,$90 CAD,,See all 453 Hotels.com reviews,Good6.4,"1 room, 1 adult","['43.685679', '-79.707478']"
"Motel 6 Toronto Mississauga, Mississauga",HOTEL,$86 CAD,,See all 794 Hotels.com reviews,Very Good8.0,"1 room, 1 adult","['43.598781', '-79.78234']"
"Fairfield Inn and Suites by Marriott Toronto Airport, Mississauga",HOTEL,$110 CAD,,See all 718 Hotels.com reviews,Very Good8.0,"1 room, 1 adult","['43.689254', '-79.606777']"
"Pantages Hotel Toronto Centre, Toronto",HOTEL,$140 CAD,,See all 987 Hotels.com reviews,Very Good8.0,"1 room, 1 adult","['43.654598', '-79.378881']"
"Glen Grove Residences - Conservatory, Toronto",HOTEL,,,See all 26 Hotels.com reviews,Very Good8.0,"1 room, 1 adult","['43.659192', '-79.385177']"
"Isabella Hotel and Suites, Toronto",HOTEL,$86 CAD,,See all 521 Hotels.com reviews,Very Good8.0,"1 room, 1 adult","['43.669979', '-79.375906']"
"Homewood Suites by Hilton Toronto-Mississauga, Mississauga",HOTEL,$144 CAD,,See all 280 Hotels.com reviews,Very Good8.0,"1 room, 1 adult","['43.636666', '-79.689921']"
"Residence Inn by Marriott Toronto Airport, Toronto",HOTEL,$139 CAD,,See all 138 Hotels.com reviews,Very Good8.0,"1 room, 1 adult","['43.69051', '-79.5878']"
"Residence & Conference Centre - Oakville, Oakville",HOTEL,,,See all 145 Hotels.com reviews,Good6.2,"1 room, 1 adult","['43.470533', '-79.695615']"
"Residence & Conference Centre - Brampton, Brampton",HOTEL,,,See all 121 Hotels.com reviews,Good6.4,"1 room, 1 adult","['43.657047', '-79.736633']"
"Residence Inn by Marriott Mississauga - Arpt Corp Ctr West, Mississauga",HOTEL,$119 CAD,,See all 234 Hotels.com reviews,Very Good8.0,"1 room, 1 adult","['43.642099', '-79.615383']"
"Courtyard by Marriott Mississauga - Airport Corporate Centre West, Mississauga",HOTEL,$118 CAD,,See all 268 Hotels.com reviews,Very Good8.0,"1 room, 1 adult","['43.642099', '-79.615383']"
"Sheraton Parkway Toronto North Hotel & Suites, Richmond Hill",HOTEL,$112 CAD,,See all 494 Hotels.com reviews,Good6.6,"1 room, 1 adult","['43.84499', '-79.382417']"
"Courtyard by Marriott Toronto Brampton, Brampton",HOTEL,$114 CAD,,See all 744 Hotels.com reviews,Good6.4,"1 room, 1 adult","['43.680871', '-79.713728']"
"Fairfield Inn and Suites by Marriott Toronto Brampton, Brampton",HOTEL,$84 CAD,,See all 660 Hotels.com reviews,Fabulous8.6,"1 room, 1 adult","['43.679316', '-79.703087']"
"Executive Hotel Cosmopolitan Toronto, Toronto",HOTEL,$159 CAD,,See all 988 Hotels.com reviews,Very Good8.0,"1 room, 1 adult","['43.648623', '-79.377001']"
"One King West Hotel & Residence, Toronto",HOTEL,$152 CAD,,"See all 5,669 Hotels.com reviews",Very Good8.0,"1 room, 1 adult","['43.649158', '-79.377909']"
"Comfort Inn Mississauga, Mississauga",HOTEL,$109 CAD,,See all 265 Hotels.com reviews,6.0,"1 room, 1 adult","['43.65066', '-79.71117']"
"Homewood Suites by Hilton Toronto/Oakville, Oakville",HOTEL,$170 CAD,,See all 169 Hotels.com reviews,6.0,"1 room, 1 adult","['43.511633', '-79.669068']"
"EconoLodge Downtown Toronto, Toronto",HOTEL,$93 CAD,,See all 229 Hotels.com reviews,Good7.0,"1 room, 1 adult","['43.660241', '-79.375816']"
"Monte Carlo Inn Vaughan Suites, Vaughan",HOTEL,$98 CAD,,"See all 1,239 Hotels.com reviews",Superb9.0,"1 room, 1 adult","['43.79633', '-79.53619']"
"Hilton Garden Inn Toronto/Ajax, Ajax",HOTEL,$134 CAD,,See all 452 Hotels.com reviews,Exceptional9.6,"1 room, 1 adult","['43.85765', '-79.00965']"
"Hilton Garden Inn Toronto-Vaughan, Vaughan",HOTEL,$127 CAD,,See all 659 Hotels.com reviews,Superb9.0,"1 room, 1 adult","['43.791564', '-79.530523']"
"Super 8 by Wyndham Mississauga, Mississauga",HOTEL,$89 CAD,,See all 449 Hotels.com reviews,Very Good8.0,"1 room, 1 adult","['43.64691', '-79.68333']"
"Pimblett's Downtown Toronto B&B, Toronto",HOTEL,,,See all 30 Hotels.com reviews,Very Good8.0,"1 room, 1 adult","['43.661787', '-79.369715']"
"Residence Inn by Marriott Toronto Vaughan, Vaughan",HOTEL,$161 CAD,,See all 336 Hotels.com reviews,10.0,"1 room, 1 adult","['43.791119', '-79.530351']"
"Admiral Inn Mississauga Toronto, Mississauga",HOTEL,$90 CAD,,See all 553 Hotels.com reviews,10.0,"1 room, 1 adult","['43.521963', '-79.65087']"
"Holiday Inn Express & Suites Brampton, Brampton",HOTEL,$106 CAD,,See all 298 Hotels.com reviews,Good6.4,"1 room, 1 adult","['43.742037', '-79.691702']"
"Canadas Best Value Inn Toronto, Toronto",HOTEL,$110 CAD,,See all 210 Hotels.com reviews,Very Good8.0,"1 room, 1 adult","['43.60992', '-79.5528']"
"Residence & Conference Centre - Toronto, Toronto",HOTEL,,,See all 233 Hotels.com reviews,Very Good8.0,"1 room, 1 adult","['43.796124', '-79.346252']"
"Residence Inn by Marriott Toronto Downtown / Entertainment District, Toronto",HOTEL,$152 CAD,,"See all 1,141 Hotels.com reviews",8.0,"1 room, 1 adult","['43.64501', '-79.39055']"
"Elevate Rooms Yiju Guest House, Toronto",HOTEL,$71 CAD,,,Fair4.2,"1 room, 1 adult","['43.660044', '-79.373159']"
"The Hazelton Hotel Toronto, Toronto",HOTEL,$450 CAD,,See all 218 Hotels.com reviews,Very Good8.0,"1 room, 1 adult","['43.670584', '-79.393878']"
"Staybridge Suites Toronto Mississauga, Mississauga",HOTEL,$162 CAD,,See all 61 Hotels.com reviews,Very Good8.0,"1 room, 1 adult","['43.642153', '-79.700747']"
"Super 8 by Wyndham Downtown Toronto, Toronto",HOTEL,$106 CAD,,"See all 1,061 Hotels.com reviews",Very Good8.0,"1 room, 1 adult","['43.651219', '-79.397378']"
"Sandman Signature Toronto Airport Hotel, Toronto",HOTEL,$117 CAD,,"See all 2,263 Hotels.com reviews",Very Good8.0,"1 room, 1 adult","['43.690166', '-79.589792']"
"Homewood Suites by Hilton Toronto-Markham, Markham",HOTEL,$131 CAD,,,Very Good8.0,"1 room, 1 adult","['43.843822', '-79.354027']"
"A Seaton Dream B&B, Toronto",HOTEL,$119 CAD,,See all 50 Hotels.com reviews,Very Good8.0,"1 room, 1 adult","['43.660516', '-79.370163']"
"Staybridge Suites Oakville, Oakville",HOTEL,$128 CAD,,See all 142 Hotels.com reviews,Good6.2,"1 room, 1 adult","['43.407945', '-79.735728']"
"Woodbine Hotel and Suites, Toronto",HOTEL,$97 CAD,,"See all 1,399 Hotels.com reviews",Very Good8.0,"1 room, 1 adult","['43.71154', '-79.591924']"
"Holiday Inn Express Suites Vaughan, Vaughan",HOTEL,$112 CAD,,See all 322 Hotels.com reviews,Superb9.0,"1 room, 1 adult","['43.773691', '-79.623557']"
"Radisson Toronto Airport West, Mississauga",HOTEL,$87 CAD,,"See all 1,782 Hotels.com reviews",10.0,"1 room, 1 adult","['43.650073', '-79.701829']"
"Holiday Inn Express Hotel & Suites Toronto - Markham, Richmond Hill",HOTEL,$104 CAD,,See all 299 Hotels.com reviews,Good6.6,"1 room, 1 adult","['43.848762', '-79.382323']"
"Hilton Garden Inn Toronto Downtown, Toronto",HOTEL,$175 CAD,,See all 846 Hotels.com reviews,Fabulous8.6,"1 room, 1 adult","['43.647002', '-79.392747']"
"Novotel Toronto Vaughan Centre, Vaughan",HOTEL,$123 CAD,,See all 802 Hotels.com reviews,Superb9.0,"1 room, 1 adult","['43.821308', '-79.539016']"
"Gladstone Hotel, Toronto",HOTEL,$203 CAD,,See all 279 Hotels.com reviews,Very Good8.0,"1 room, 1 adult","['43.642589', '-79.42674']"
"Hilton Garden Inn Toronto Airport, Mississauga",HOTEL,$119 CAD,,See all 995 Hotels.com reviews,Good7.6,"1 room, 1 adult","['43.689588', '-79.606425']"
"Knights Inn Toronto at Kingston Rd, Toronto",HOTEL,,,See all 45 Hotels.com reviews,,"1 room, 1 adult","['43.777706', '-79.172561']"
"Wellesley Manor Revival Boutique Hotel, EST, 1916, Toronto",HOTEL,,,See all 120 Hotels.com reviews,Very Good8.0,"1 room, 1 adult","['43.665248', '-79.382996']"
"Clinton and Bloor B&B, Toronto",HOTEL,$167 CAD,,See all 60 Hotels.com reviews,Very Good8.0,"1 room, 1 adult","['43.664751', '-79.417551']"
"Hilton Garden Inn Toronto Airport West/Mississauga, Mississauga",HOTEL,$128 CAD,,See all 723 Hotels.com reviews,Very Good8.0,"1 room, 1 adult","['43.638956', '-79.618719']"
"The Rex Hotel, Toronto",HOTEL,$95 CAD,,See all 535 Hotels.com reviews,Good7.4,"1 room, 1 adult","['43.650429', '-79.388591']"
"Thompson Toronto, Toronto",HOTEL,$296 CAD,,See all 466 Hotels.com reviews,Very Good8.0,"1 room, 1 adult","['43.642741', '-79.401799']"
"Homewood Suites by Hilton Toronto Airport Corporate Centre, Toronto",HOTEL,$130 CAD,,See all 759 Hotels.com reviews,Superb9.0,"1 room, 1 adult","['43.652427', '-79.602021']"
"Days Inn by Wyndham Brampton, Brampton",HOTEL,$110 CAD,,,,"1 room, 1 adult","['43.697651', '-79.747219']"
"The Ivy at Verity, Toronto",HOTEL,$299 CAD,,See all 71 Hotels.com reviews,Very Good8.0,"1 room, 1 adult","['43.653416', '-79.374622']"
"Hampton Inn by Hilton Toronto Airport Corporate Centre, Toronto",HOTEL,$125 CAD,,"See all 1,018 Hotels.com reviews",Very Good8.0,"1 room, 1 adult","['43.652451', '-79.601978']"
"Toronto Furnished Apartments, Toronto",HOTEL,,,,Very Good8.0,"1 room, 1 adult","['43.649571', '-79.386985']"
"Canada Suites on Bay, Toronto",HOTEL,$309 CAD,,See all 114 Hotels.com reviews,Very Good8.0,"1 room, 1 adult","['43.65939', '-79.38525']"
"Le Germain Hotel Maple Leaf Square, Toronto",HOTEL,$269 CAD,,,Very Good8.0,"1 room, 1 adult","['43.64294', '-79.381425']"
"The Ritz-Carlton, Toronto, Toronto",HOTEL,$404 CAD,,See all 254 Hotels.com reviews,Exceptional9.4,"1 room, 1 adult","['43.645704', '-79.387345']"
"The St. Regis Toronto, Toronto",HOTEL,$424 CAD,,See all 385 Hotels.com reviews,Very Good8.0,"1 room, 1 adult","['43.649694', '-79.380736']"
"Homewood Suites by Hilton Toronto Vaughan, Vaughan",HOTEL,$135 CAD,,See all 369 Hotels.com reviews,Superb9.0,"1 room, 1 adult","['43.79935', '-79.537657']"
"Monte Carlo Inn & Suites Downtown Markham, Markham",HOTEL,$99 CAD,,"See all 1,521 Hotels.com reviews",Very Good8.0,"1 room, 1 adult","['43.827493', '-79.326552']"
"Hotel Ocho, Toronto",HOTEL,$149 CAD,,See all 228 Hotels.com reviews,Very Good8.0,"1 room, 1 adult","['43.650052', '-79.396764']"
"SpringHill Suites by Marriott Toronto Vaughan, Vaughan",HOTEL,$139 CAD,,See all 724 Hotels.com reviews,Superb9.0,"1 room, 1 adult","['43.799396', '-79.537681']"
"Hilton Garden Inn Toronto/Brampton, Brampton",HOTEL,$105 CAD,,See all 499 Hotels.com reviews,Good6.4,"1 room, 1 adult","['43.722304', '-79.670888']"
"Fairfield Inn & Suites by Marriott Toronto Mississauga, Mississauga",HOTEL,$105 CAD,,See all 322 Hotels.com reviews,Superb9.0,"1 room, 1 adult","['43.63638', '-79.69513']"
"Aloft Vaughan Mills, Vaughan",HOTEL,$122 CAD,,See all 875 Hotels.com reviews,Superb9.0,"1 room, 1 adult","['43.822009', '-79.538218']"
"Making Waves Boatel, Toronto",HOTEL,,,,Good7.0,"1 room, 1 adult","['43.636833', '-79.396042']"
"Shangri-la hotel Toronto, Toronto",HOTEL,$420 CAD,,See all 388 Hotels.com reviews,Very Good8.0,"1 room, 1 adult","['43.649022', '-79.386735']"
"Alt Hotel Toronto Airport, Mississauga",HOTEL,$179 CAD,,"See all 1,224 Hotels.com reviews",10.0,"1 room, 1 adult","['43.689982', '-79.614092']"
"Hampton Inn by Hilton Brampton Toronto, Brampton",HOTEL,$101 CAD,,,Good6.4,"1 room, 1 adult","['43.765622', '-79.658418']"
"Toronto's Favourite Urban Hotel, Toronto",HOTEL,$55 CAD,,See all 6 Hotels.com reviews,Good7.0,"1 room, 1 adult","['43.697026', '-79.453702']"
"Pathway Suites, Mississauga",HOTEL,,,,Very Good8.0,"1 room, 1 adult","['43.586115', '-79.646245']"
"Element Vaughan Southwest, Vaughan",HOTEL,$144 CAD,,See all 351 Hotels.com reviews,Very Good8.4,"1 room, 1 adult","['43.772109', '-79.625571']"
"Park Suites Toronto Blue Jay Way (Element), Toronto",HOTEL,$161 CAD,,,Good7.4,"1 room, 1 adult","['43.643933', '-79.391453']"
"Park Suites Mississauga - Skymark, Mississauga",HOTEL,,,,Very Good8.0,"1 room, 1 adult","['43.603994', '-79.649257']"
"Homewood Suites Ajax, Ontario, Canada, Ajax",HOTEL,$152 CAD,,,Exceptional9.6,"1 room, 1 adult","['43.857647', '-79.009639']"
"The Beverley Hotel, Toronto",HOTEL,$127 CAD,,See all 336 Hotels.com reviews,Very Good8.4,"1 room, 1 adult","['43.649652', '-79.392008']"
"Royal Oak Inn, Toronto",HOTEL,$79 CAD,,See all 419 Hotels.com reviews,Very Good8.0,"1 room, 1 adult","['43.658936', '-79.368349']"
"Willowdale Hotel Toronto North York , Toronto",HOTEL,$121 CAD,,See all 152 Hotels.com reviews,Very Good8.0,"1 room, 1 adult","['43.767006', '-79.400947']"
"Keppner Guesthouse, Toronto",HOTEL,$76 CAD,,See all 76 Hotels.com reviews,Good7.6,"1 room, 1 adult","['43.670044', '-79.378477']"
"Victoria's Mansion Guest House, Toronto",HOTEL,$119 CAD,,See all 318 Hotels.com reviews,Very Good8.4,"1 room, 1 adult","['43.667259', '-79.382126']"
"Kaisar Guest House, Toronto",HOTEL,$85 CAD,,See all 64 Hotels.com reviews,Very Good8.0,"1 room, 1 adult","['43.657057', '-79.404793']"
"Comfy Guest House, Toronto",HOTEL,$73 CAD,,See all 192 Hotels.com reviews,Very Good8.4,"1 room, 1 adult","['43.661874', '-79.369317']"
"Deluxe Inn, Toronto",HOTEL,$82 CAD,,See all 637 Hotels.com reviews,Very Good8.0,"1 room, 1 adult","['43.618215', '-79.539232']"
"Super 5 Inn, Mississauga",HOTEL,$84 CAD,,See all 575 Hotels.com reviews,Very Good8.0,"1 room, 1 adult","['43.625968', '-79.56625']"
"Toronto Furnished Living, Toronto",HOTEL,,,,Very Good8.0,"1 room, 1 adult","['43.660039', '-79.373171']"
"Madison Manor Boutique Hotel, Toronto",HOTEL,$119 CAD,,See all 372 Hotels.com reviews,Good6.4,"1 room, 1 adult","['43.668092', '-79.403153']"
"University of Toronto - Wilson Hall Residence, Toronto",HOTEL,,,See all 167 Hotels.com reviews,Good6.2,"1 room, 1 adult","['43.661383', '-79.400971']"
"University of Toronto - 45 Willcocks Residence, Toronto",HOTEL,,,See all 180 Hotels.com reviews,Very Good8.0,"1 room, 1 adult","['43.661361', '-79.401037']"
"Toronto Travellers Home, Toronto",HOTEL,$53 CAD,,See all 156 Hotels.com reviews,Very Good8.0,"1 room, 1 adult","['43.652365', '-79.400679']"
"Atlas Suites - Mariner Terrace, Toronto",HOTEL,,,,Good6.4,"1 room, 1 adult","['43.640184', '-79.390714']"
"HI-Toronto Hostel, Toronto",HOTEL,$104 CAD,,,Very Good8.0,"1 room, 1 adult","['43.650754', '-79.374793']"
"Atlas Suites - CN Tower & Convention Centre- Furnished Apart, Toronto",HOTEL,$167 CAD,,,Very Good8.0,"1 room, 1 adult","['43.643985', '-79.388688']"
"Delta Hotels by Marriott Toronto, Toronto",HOTEL,$175 CAD,,"See all 2,110 Hotels.com reviews",Very Good8.0,"1 room, 1 adult","['43.642564', '-79.384029']"
"Absolute Furnished Suites - by Mirage, Mississauga",HOTEL,,,,Very Good8.0,"1 room, 1 adult","['43.59582', '-79.635306']"
"Oxford Furnished Apartments, Mississauga, Mississauga",HOTEL,,,,Very Good8.0,"1 room, 1 adult","['43.587603', '-79.640736']"
"Atlas Suites Furnished Apartments- Wellington, Toronto",HOTEL,$200 CAD,,,Very Good8.0,"1 room, 1 adult","['43.643934', '-79.39147']"
"Nu Hotel Toronto, Mississauga",HOTEL,$96 CAD,,,Good7.8,"1 room, 1 adult","['43.693122', '-79.627942']"
"University Apartment, Toronto",HOTEL,$56 CAD,,,Very Good8.0,"1 room, 1 adult","['43.652066', '-79.398753']"
"Chinatown Travellers Home, Toronto",HOTEL,$53 CAD,,,Fair5.0,"1 room, 1 adult","['43.652443', '-79.394887']"
"Liberty Suites Hotel, Markham",HOTEL,$119 CAD,,"See all 2,026 Hotels.com reviews",Very Good8.2,"1 room, 1 adult","['43.803425', '-79.421416']"
"Clarkson Village Motel, Mississauga",HOTEL,$90 CAD,,See all 69 Hotels.com reviews,Very Good8.0,"1 room, 1 adult","['43.515911', '-79.62472']"
"Hampton Inn & Suites by Hilton Toronto Markham, ON, Markham",HOTEL,$100 CAD,,See all 862 Hotels.com reviews,Very Good8.0,"1 room, 1 adult","['43.843825', '-79.354056']"
"Amber Suite, Toronto",HOTEL,,,See 2 Hotels.com reviews,Very Good8.0,"1 room, 1 adult","['43.63648', '-79.40468']"
"Toronto Escape - The Ruby Pink Suite, Toronto",HOTEL,,,,Very Good8.0,"1 room, 1 adult","['43.662555', '-79.386146']"
"The Saint James Hotel, An Ascend Hotel Collection Member, Toronto",HOTEL,$152 CAD,,,Very Good8.0,"1 room, 1 adult","['43.659282', '-79.38114']"
"Toronto North Travellers Home, Toronto",HOTEL,$45 CAD,,,,"1 room, 1 adult","['43.767141', '-79.500867']"
"Queensway Motel, Toronto",HOTEL,$90 CAD,,See all 51 Hotels.com reviews,Very Good8.0,"1 room, 1 adult","['43.627659', '-79.496693']"
"Hydewest - Dan Leckie Way, Toronto",HOTEL,,,,Very Good8.0,"1 room, 1 adult","['43.637618', '-79.397362']"
"Kensington College Backpackers, Toronto",HOTEL,$90 CAD,,See all 176 Hotels.com reviews,Very Good8.0,"1 room, 1 adult","['43.656928', '-79.402992']"
"TownePlace Suites by Marriott Toronto Northeast/Markham, Markham",HOTEL,$134 CAD,,,8.0,"1 room, 1 adult","['43.81662', '-79.349373']"
"JJ Furnished Apartments Downtown Toronto: Element, Toronto",HOTEL,,,,Very Good8.0,"1 room, 1 adult","['43.643777', '-79.391473']"
"JJ Furnished Apartments Downtown Toronto: King's Luxury Loft, Toronto",HOTEL,,,See all 3 Hotels.com reviews,Good6.6,"1 room, 1 adult","['43.641456', '-79.41477']"
"E.S.I Furnished Suites at the ACC, Toronto",HOTEL,,,,,"1 room, 1 adult","['43.643061', '-79.380821']"
"Kensington Market House, Toronto",HOTEL,,,,Very Good8.0,"1 room, 1 adult","['43.655533', '-79.405522']"
"NAPA Furnished Suites & Apartments, Toronto",HOTEL,,,,Exceptional9.4,"1 room, 1 adult","['43.641726', '-79.383045']"
"Downtown Home Inn Bed and Breakfast, Toronto",HOTEL,$89 CAD,,See all 74 Hotels.com reviews,Very Good8.0,"1 room, 1 adult","['43.666884', '-79.381017']"
"Livingsuites Toronto, Toronto",HOTEL,,,,Very Good8.0,"1 room, 1 adult","['43.644996', '-79.390641']"
"Red Maple Suites Mississauga, Mississauga",HOTEL,,,See all 10 Hotels.com reviews,Very Good8.0,"1 room, 1 adult","['43.58621', '-79.64315']"
"Square One Luxury Furnished Suite, Mississauga",HOTEL,,,,Good6.8,"1 room, 1 adult","['43.589429', '-79.647812']"
"Bombay Suites -Grand Ovation Mississauga, Mississauga",HOTEL,,,,Very Good8.0,"1 room, 1 adult","['43.586806', '-79.643058']"
"Goodwood Suites, Mississauga",HOTEL,,,,10.0,"1 room, 1 adult","['43.586181', '-79.646318']"
"Rose Garden Bed and Breakfast, Toronto",HOTEL,$128 CAD,,See all 42 Hotels.com reviews,Very Good8.0,"1 room, 1 adult","['43.671263', '-79.413643']"
"All Seasons Bed & Breakfast, Mississauga",HOTEL,,,,Very Good8.0,"1 room, 1 adult","['43.582773', '-79.641165']"
"Amanda's Bed and Breakfast, Markham",HOTEL,,,,Very Good8.0,"1 room, 1 adult","['43.887663', '-79.266771']"
"All Days Hostel, Toronto",HOTEL,,,See all 70 Hotels.com reviews,10.0,"1 room, 1 adult","['43.671112', '-79.377997']"
"Toronto Garden Inn Bed and Breakfast, Toronto",HOTEL,$85 CAD,,See all 180 Hotels.com reviews,Fabulous8.6,"1 room, 1 adult","['43.658389', '-79.369387']"
"Maplewood Furnished Suites, Mississauga",HOTEL,,,See all 3 Hotels.com reviews,Very Good8.0,"1 room, 1 adult","['43.588337', '-79.631831']"
"Maplewood Suites - Square One, Mississauga",HOTEL,,,,10.0,"1 room, 1 adult","['43.586997', '-79.642995']"
"White Knight Motel, Mississauga",HOTEL,$70 CAD,,,Very Good8.0,"1 room, 1 adult","['43.67435', '-79.6731']"
"Duke Furnished Suites, Toronto",HOTEL,,,,Good6.4,"1 room, 1 adult","['43.644034', '-79.388432']"
"McGill Inn B&B, Toronto",HOTEL,$85 CAD,,,Fabulous8.6,"1 room, 1 adult","['43.660821', '-79.378235']"
"Stonehouse on Sterling Guesthouse, Toronto",HOTEL,,,,Very Good8.0,"1 room, 1 adult","['43.656142', '-79.44698']"
"WhiteHall Suites- Yorkville, Toronto",HOTEL,,,,Very Good8.0,"1 room, 1 adult","['43.670293', '-79.394389']"
"North York BB, Toronto",HOTEL,$69 CAD,,,Very Good8.0,"1 room, 1 adult","['43.77906', '-79.4396']"
"Pathway Luxury Suites - 4099 Brickstone, Mississauga",HOTEL,,,,Very Good8.0,"1 room, 1 adult","['43.58588', '-79.6474']"
"Elevate Rooms Parkside Retreat B&B, Toronto",HOTEL,,,,Very Good8.0,"1 room, 1 adult","['43.78359', '-79.4513']"
"Ada's Guesthouse, Toronto",HOTEL,$76 CAD,,See all 38 Hotels.com reviews,Good7.2,"1 room, 1 adult","['43.67062', '-79.3769']"
"310 Burhamthorpe Suites - by Mirage, Mississauga",HOTEL,,,,Very Good8.0,"1 room, 1 adult","['43.586942', '-79.642983']"
"Livingsuites Toronto - Front & John, Toronto",HOTEL,,,,Very Good8.0,"1 room, 1 adult","['43.643943', '-79.388673']"
"Veeds Private Suites, Toronto",HOTEL,$150 CAD,,,Good7.4,"1 room, 1 adult","['43.643339', '-79.391682']"
"Elegant Cabbagetown, Toronto",HOTEL,,,,Very Good8.0,"1 room, 1 adult","['43.660839', '-79.370386']"
"Chestnut Residence and Conference Centre - University of Toronto, Toronto",HOTEL,,,,Fair4.2,"1 room, 1 adult","['43.654124', '-79.385537']"
"Executive Underground Apartment, Toronto",HOTEL,,,See all 37 Hotels.com reviews,Very Good8.0,"1 room, 1 adult","['43.664426', '-79.374972']"
"Spadina 11 Guesthouse, Toronto",HOTEL,$115 CAD,,,Very Good8.0,"1 room, 1 adult","['43.667534', '-79.404195']"
"Vaughan Inn, Vaughan",HOTEL,$109 CAD,,See all 303 Hotels.com reviews,Superb9.0,"1 room, 1 adult","['43.767813', '-79.644754']"
"Smile Back Bed and Breakfast , Toronto",HOTEL,$132 CAD,,,Very Good8.0,"1 room, 1 adult","['43.690727', '-79.472438']"
"Life Suites Luxury Downtown Condos, Toronto",HOTEL,$121 CAD,,,Very Good8.0,"1 room, 1 adult","['43.640971', '-79.400399']"
"Life Suites Loft - CN Tower, Toronto",HOTEL,$94 CAD,,,Very Good8.0,"1 room, 1 adult","['43.644946', '-79.389096']"
"Life Suites - Front and Spadina, Toronto",HOTEL,,,,,"1 room, 1 adult","['43.643277', '-79.391757']"
"Hampton Inn & Suites by Hilton Bolton, ON, Canada, Caledon",HOTEL,$131 CAD,,See all 217 Hotels.com reviews,8.0,"1 room, 1 adult","['43.862033', '-79.713874']"
"Hipster Bachelor Pads, Toronto",HOTEL,,,,Very Good8.0,"1 room, 1 adult","['43.649571', '-79.42936']"
"North York Furnished Guest House, Toronto",HOTEL,,,,Very Good8.0,"1 room, 1 adult","['43.796028', '-79.334925']"
"Kashaneh Hostel - 25 Greenbriar, Toronto",HOTEL,,,,Very Good8.0,"1 room, 1 adult","['43.766452', '-79.379383']"
"Kashaneh Guest House - 27 Greenbriar, Toronto",HOTEL,,,,Very Good8.0,"1 room, 1 adult","['43.766292', '-79.379317']"
"Kashaneh at North York Center, Toronto",HOTEL,,,,Very Good8.0,"1 room, 1 adult","['43.769486', '-79.413068']"
"Kashaneh at Harrison Garden, Toronto",HOTEL,,,,Very Good8.0,"1 room, 1 adult","['43.757367', '-79.404472']"
"Kashaneh at Meridian (1+1 bedroom), Toronto",HOTEL,$279 CAD,,,Very Good8.0,"1 room, 1 adult","['43.780259', '-79.418776']"
"Kashaneh at Meridian (2 BR), Toronto",HOTEL,,,,Very Good8.0,"1 room, 1 adult","['43.780012', '-79.418699']"
"Super Awesome King West Furnished Suite, Toronto",HOTEL,,,,Very Good8.0,"1 room, 1 adult","['43.640911', '-79.414822']"
"Highland Creek Village Guest House, Toronto",HOTEL,,,,Very Good8.0,"1 room, 1 adult","['43.783991', '-79.177853']"
"Ice Furnished Apartment, Toronto",HOTEL,,,,Very Good8.0,"1 room, 1 adult","['43.645919', '-79.389474']"
"Veeds Private Suites - Peter Street, Toronto",HOTEL,$232 CAD,,,Very Good8.0,"1 room, 1 adult","['43.647688', '-79.392968']"
"RCMI Furnished Apartments, Toronto",HOTEL,,,,Very Good8.0,"1 room, 1 adult","['43.65404', '-79.38816']"
"NGE Stays - Downtown Suite Lake View, Toronto",HOTEL,,,,Very Good8.0,"1 room, 1 adult","['43.64065', '-79.39701']"
"Holiday Inn Express & Suites Toronto Airport West, Mississauga",HOTEL,$110 CAD,,,Very Good8.0,"1 room, 1 adult","['43.645281', '-79.639509']"
"Whitehall Suites - Front Street West, Toronto",HOTEL,$170 CAD,,See all 61 Hotels.com reviews,Very Good8.0,"1 room, 1 adult","['43.64376', '-79.389713']"
"TOSuites - Qwest, Toronto",HOTEL,,,,Very Good8.0,"1 room, 1 adult","['43.650043', '-79.387206']"
"TOSuites - Elev'n21, Toronto",HOTEL,,,,Very Good8.0,"1 room, 1 adult","['43.66796', '-79.388717']"
"TOSuites - Signatures on Bloor, Toronto",HOTEL,,,,Very Good8.0,"1 room, 1 adult","['43.670491', '-79.385298']"
"MAC Furnished Residences - Garden Suites, Toronto",HOTEL,,,,Very Good8.0,"1 room, 1 adult","['43.761821', '-79.409645']"
"MAC Furnished Residences - Skydome, Toronto",HOTEL,,,,Very Good8.0,"1 room, 1 adult","['43.643102', '-79.392506']"
"MAC Furnished Residences - King Spadina, Toronto",HOTEL,,,,Very Good8.0,"1 room, 1 adult","['43.645688', '-79.393855']"
"Margie Townhome Suites, Toronto",HOTEL,$113 CAD,,,Very Good8.0,"1 room, 1 adult","['43.660259', '-79.380756']"
"Livingsuites Toronto - 20 Blue Jays Way, Toronto",HOTEL,,,,Very Good8.0,"1 room, 1 adult","['43.643837', '-79.391465']"
"The Only Backpacker's Inn - Hostel, Toronto",HOTEL,$85 CAD,,See all 52 Hotels.com reviews,Very Good8.0,"1 room, 1 adult","['43.680323', '-79.337808']"
"Bolton Inn, Caledon",HOTEL,,,,,"1 room, 1 adult","['43.855802', '-79.705152']"
"AOC Suites - Penthouse Condo, Toronto",HOTEL,,,,Very Good8.0,"1 room, 1 adult","['43.641254', '-79.4228']"
"Family Friendly Furnished House, Toronto",HOTEL,,,,,"1 room, 1 adult","['43.66308', '-79.376997']"
"WhiteHall Suites - Mississauga, Mississauga",HOTEL,,,,Very Good8.0,"1 room, 1 adult","['43.588612', '-79.632194']"
"Elite Suites - Queen West offered by Short Term Stays, Toronto",HOTEL,,,,Very Good8.0,"1 room, 1 adult","['43.641774', '-79.423061']"
"Best Western Premier Toronto Airport Carlingview Hotel, Toronto",HOTEL,$131 CAD,,,Very Good8.0,"1 room, 1 adult","['43.678821', '-79.591942']"
"Colour Cube Guest House, Toronto",HOTEL,,,,Very Good8.2,"1 room, 1 adult","['43.666601', '-79.347428']"
"Elite Suites - Modern Loft, Toronto",HOTEL,,,,Very Good8.0,"1 room, 1 adult","['43.64129', '-79.424192']"
"Markham Hostel, Markham",HOTEL,,,,Very Good8.0,"1 room, 1 adult","['43.885665', '-79.302884']"
"The Corporate Suites - Ice Condos, Toronto",HOTEL,$170 CAD,,,Very Good8.0,"1 room, 1 adult","['43.641368', '-79.381852']"
"5025 Harvard Drive Suites by Mirage, Mississauga",HOTEL,,,,Very Good8.0,"1 room, 1 adult","['43.54945', '-79.718007']"
"Air Canada Centre Harbor Front Furnished Condo, Toronto",HOTEL,,,,Very Good8.0,"1 room, 1 adult","['43.639781', '-79.381658']"
"A Suite Escape Toronto, Toronto",HOTEL,,,,,"1 room, 1 adult","['43.804548', '-79.176636']"
"Atlantis Furnished Suites - York Street, Toronto",HOTEL,$180 CAD,,,6.0,"1 room, 1 adult","['43.641958', '-79.381084']"
"Scarborough Centre Business Suite, Toronto",HOTEL,,,,Very Good8.0,"1 room, 1 adult","['43.773648', '-79.255046']"
"Park Motel, Toronto",HOTEL,$95 CAD,,,Good7.0,"1 room, 1 adult","['43.727666', '-79.229669']"
"Edward Hotel North York, Toronto",HOTEL,$118 CAD,,,Good6.6,"1 room, 1 adult","['43.771556', '-79.335641']"
"Beautiful Luxury Condo Toronto area, Mississauga",HOTEL,,,,Very Good8.0,"1 room, 1 adult","['43.605481', '-79.6544']"
"Park Suites Toronto Front Street West, Toronto",HOTEL,,,,Very Good8.0,"1 room, 1 adult","['43.643715', '-79.391349']"
"Pinnacle Suites - Pantages Tower offered by Short Term Stays, Toronto",HOTEL,,,,Good7.0,"1 room, 1 adult","['43.654736', '-79.378936']"
"JP Stays - York St & Lakeshore, Toronto",HOTEL,,,,Good6.8,"1 room, 1 adult","['43.642016', '-79.381126']"
"JP Stays - Luxurious Condo offered by Short Term Stays, Toronto",HOTEL,,,,Very Good8.0,"1 room, 1 adult","['43.639715', '-79.563046']"
"Elevate Rooms Taigh Ice, Toronto",HOTEL,$68 CAD,,,Good6.2,"1 room, 1 adult","['43.66784', '-79.371186']"
"Lavish Suites - Two Bedroom Loft - Downtown Toronto, Toronto",HOTEL,,,,Very Good8.0,"1 room, 1 adult","['43.64143', '-79.424769']"
"JP Stays - Cozy Lakeview Condo Downtown Core offered by Short Term Stays, Toronto",HOTEL,,,,Good6.4,"1 room, 1 adult","['43.642002', '-79.381111']"
"New Plaza Motel, Toronto",HOTEL,,,,Very Good8.0,"1 room, 1 adult","['43.774289', '-79.18352']"
"Toronto Escape - Onyx Suite, Toronto",HOTEL,,,,Very Good8.0,"1 room, 1 adult","['43.642094', '-79.381187']"
"Sky Suites Yorkville, Toronto",HOTEL,$325 CAD,,,Superb9.0,"1 room, 1 adult","['43.670679', '-79.38456']"
"West Queen West Hotel, Toronto",HOTEL,$62 CAD,,,Very Good8.0,"1 room, 1 adult","['43.639509', '-79.441852']"
"Toronto Furnished Living - Gerard St. E, Toronto",HOTEL,,,,Very Good8.0,"1 room, 1 adult","['43.659488', '-79.380349']"
"TO Stays - York and Lakeshore, Toronto",HOTEL,,,,Very Good8.0,"1 room, 1 adult","['43.642242', '-79.381213']"
"NGE Stays - York Street Condos, Toronto",HOTEL,,,,,"1 room, 1 adult","['43.64214', '-79.381191']"
"Luxury Condo - Heart of Downtown, Toronto",HOTEL,,,,Good6.4,"1 room, 1 adult","['43.642457', '-79.376506']"
"AOC Suites - Two Bedroom Condo - City/CN Tower View, Toronto",HOTEL,$149 CAD,,,Very Good8.0,"1 room, 1 adult","['43.642068', '-79.381138']"
"Gladstone Suites - Toronto Central, Toronto",HOTEL,$113 CAD,,,Very Good8.0,"1 room, 1 adult","['43.643918', '-79.428542']"
"Life Suites Soho 2 Bed | 2 Bath CN Tower View, Toronto",HOTEL,,,,Exceptional9.6,"1 room, 1 adult","['43.641786', '-79.422992']"
"Nap Station Toronto Airport YYZ, Mississauga",HOTEL,,,,Very Good8.0,"1 room, 1 adult","['43.693567', '-79.608621']"
"Luxury Executive Condo Toronto, Toronto",HOTEL,,,,Very Good8.0,"1 room, 1 adult","['43.631147', '-79.475286']"
"Hardy's Luxury House, Toronto",HOTEL,,,,Very Good8.0,"1 room, 1 adult","['43.800026', '-79.396314']"
"TVHR - Luxury Condos in Heart of Downtown, Toronto",HOTEL,$179 CAD,,,Good7.0,"1 room, 1 adult","['43.63768', '-79.397362']"
"Life Suites - Fort York Central Condo, Toronto",HOTEL,,,,No guest ratings yet,"1 room, 1 adult","['43.637155', '-79.403814']"
"2 Bedroom and 1 Bedroom Spectacular Apartments, Toronto",HOTEL,,,,Good7.4,"1 room, 1 adult","['43.647474', '-79.392047']"
"EG Suites - York St Condos 2 near CN Tower offered by Short Term Stays, Toronto",HOTEL,,,,Very Good8.0,"1 room, 1 adult","['43.642047', '-79.381448']"
"Pinnacle Suites - Trendy 2-Story Loft offered by Short Term Stays, Toronto",HOTEL,,,,Good7.0,"1 room, 1 adult","['43.637359', '-79.419069']"
"AOC Suites - Luxury Condo - City View, Toronto",HOTEL,$200 CAD,,,Very Good8.0,"1 room, 1 adult","['43.642161', '-79.424017']"
"Atlas Suites Furnished Apartments- Yorkville, Toronto",HOTEL,$142 CAD,,,Very Good8.0,"1 room, 1 adult","['43.670455', '-79.394418']"
"Atlas Suites Furnished Apartments- Iceboat Terrace, Toronto",HOTEL,,,,Very Good8.0,"1 room, 1 adult","['43.640609', '-79.397182']"
"Pinnacle Suites - Two Bed and Bath Condo offered by Short Term Stays, Toronto",HOTEL,,,,Very Good8.0,"1 room, 1 adult","['43.642072', '-79.423128']"
"Views from the Six, Toronto",HOTEL,,,,Very Good8.0,"1 room, 1 adult","['43.642207', '-79.381192']"
"AOC Suites - High-Rise Condo - CN Tower / Lake View, Toronto",HOTEL,$179 CAD,,,Very Good8.0,"1 room, 1 adult","['43.642151', '-79.381164']"
"bnbTO, Toronto",HOTEL,,,,Good6.2,"1 room, 1 adult","['43.661797', '-79.369579']"
"Lavish Suites - Two Story Loft - Downtown Toronto, Toronto",HOTEL,,,,Very Good8.0,"1 room, 1 adult","['43.637252', '-79.418933']"
"Luxury Downtown Water Front Condo offered by Short Term Stays, Toronto",HOTEL,,,,Very Good8.0,"1 room, 1 adult","['43.640531', '-79.394566']"
"Luxury Lakeview Downtown Suite, Toronto",HOTEL,,,,Very Good8.0,"1 room, 1 adult","['43.642051', '-79.381108']"
"Red Maple Suites - Icon, Toronto",HOTEL,$199 CAD,,,Very Good8.0,"1 room, 1 adult","['43.644937', '-79.390884']"
"Humber College North Campus Residence, Toronto",HOTEL,,,,Very Good8.0,"1 room, 1 adult","['43.726285', '-79.606755']"
"TO Stays - Richmond and Simcoe, Toronto",HOTEL,,,,Very Good8.0,"1 room, 1 adult","['43.649502', '-79.388932']"
"Newton Villa, Brampton",HOTEL,$96 CAD,,,Good6.4,"1 room, 1 adult","['43.797579', '-79.739846']"
"NGE Stays - Downtown Suites, Toronto",HOTEL,,,,Exceptional9.6,"1 room, 1 adult","['43.640618', '-79.397204']"
"One bedroom unit - Acore suites, Toronto",HOTEL,,,,Very Good8.0,"1 room, 1 adult","['43.637314', '-79.400764']"
"Custom-Made Luxury Suite-By Elite Suites, Mississauga",HOTEL,$130 CAD,,,Very Good8.0,"1 room, 1 adult","['43.585757', '-79.647271']"
"Deluxe Corner Suite - By Elite Suites, Mississauga",HOTEL,,,,Very Good8.0,"1 room, 1 adult","['43.586524', '-79.646883']"
"Lake View Luxury Condo by Elite Suites, Mississauga",HOTEL,,,,Very Good8.0,"1 room, 1 adult","['43.586605', '-79.643348']"
"Square One Comfort Suite By Elite Suites, Mississauga",HOTEL,,,,,"1 room, 1 adult","['43.586605', '-79.643348']"
"Beautiful King West Apartment, Toronto",HOTEL,,,,Very Good8.0,"1 room, 1 adult","['43.643143', '-79.399015']"
"Diamond Vacation Homes - York Street, Toronto",HOTEL,$119 CAD,,,Very Good8.2,"1 room, 1 adult","['43.64202', '-79.38111']"
"Diamond Vacation Homes - Yonge Sheppard, Toronto",HOTEL,,,,Good7.0,"1 room, 1 adult","['43.760157', '-79.410202']"
"Queen West Vibes, Toronto",HOTEL,,,,Very Good8.0,"1 room, 1 adult","['43.642391', '-79.424738']"
"Grand Royal Condos - CN Tower, Toronto",HOTEL,$125 CAD,,,8.0,"1 room, 1 adult","['43.644112', '-79.38941']"
"New One Bedroom Condo Downtown-CN TOWER, Toronto",HOTEL,$103 CAD,,,8.0,"1 room, 1 adult","['43.641409', '-79.381508']"
"Lavish Suites- New Two Bedroom - Amazing CN Tower View, Toronto",HOTEL,$119 CAD,,,Very Good8.0,"1 room, 1 adult","['43.640382', '-79.424565']"
"NAPA Furnished Suites - Square One, Mississauga",HOTEL,,,,Very Good8.0,"1 room, 1 adult","['43.586533', '-79.642916']"
"Altitude Suites Bellamond Yorkville, Toronto",HOTEL,$274 CAD,,,Very Good8.0,"1 room, 1 adult","['43.670516', '-79.394219']"
"Beautiful Detached 6 Bedroom House, Toronto",HOTEL,,,,Very Good8.0,"1 room, 1 adult","['43.74162', '-79.2994']"
"Hstel Toronto, Toronto",HOTEL,,,,4.0,"1 room, 1 adult","['43.66367', '-79.36977']"
"Lily Home, Toronto",HOTEL,$129 CAD,,,Good6.2,"1 room, 1 adult","['43.64979', '-79.40524']"
"Toronto Escape - Financial District, Toronto",HOTEL,,,,Very Good8.0,"1 room, 1 adult","['43.64155', '-79.38145']"
"Downtown Comfortable Guest House, Toronto",HOTEL,$88 CAD,,,Very Good8.0,"1 room, 1 adult","['43.64992', '-79.40616']"
"Elite Suites 1 Bedroom Townhouse Condo offered by Short Term Stays, Toronto",HOTEL,,,,Very Good8.0,"1 room, 1 adult","['43.65192', '-79.35582']"
"Skyline Properties, Toronto",HOTEL,,,,Very Good8.0,"1 room, 1 adult","['43.63925', '-79.39984']"
"NGE Stays - Temperance St. Apartments, Toronto",HOTEL,,,,Very Good8.0,"1 room, 1 adult","['43.65044', '-79.38235']"
"Platinum Suites - Fabulous CN Tower View. 2Bed 2Bath + Free Parking, Toronto",HOTEL,,,,Very Good8.0,"1 room, 1 adult","['43.64239', '-79.42444']"
"Queen West Condo, Toronto",HOTEL,,,,,"1 room, 1 adult","['43.64239', '-79.42474']"
"Toronto Water Front Luxury Condo offered by Short Term Stays, Toronto",HOTEL,,,,Very Good8.0,"1 room, 1 adult","['43.64041', '-79.39724']"
"Courtyard by Marriott Toronto Mississauga/West, Mississauga",HOTEL,$127 CAD,,,Very Good8.0,"1 room, 1 adult","['43.63975', '-79.71278']"
"Red Maple Suites - Blue Jays Way, Toronto",HOTEL,$171 CAD,,,Very Good8.0,"1 room, 1 adult","['43.64382', '-79.39173']"
"Avalon Tourist Guest House, Toronto",HOTEL,,,,Very Good8.2,"1 room, 1 adult","['43.67049', '-79.37628']"
"QuickStay - Luxury in Yorkville (Yonge & Bloor), Toronto",HOTEL,$107 CAD,,,Very Good8.0,"1 room, 1 adult","['43.67037', '-79.39413']"
"Diamond Vacation Homes - Eaton Centre, Toronto",HOTEL,,,,Good6.4,"1 room, 1 adult","['43.66177', '-79.3842']"
"Avenue Motel, Mississauga",HOTEL,$85 CAD,,,Fair5.4,"1 room, 1 adult","['43.60233', '-79.59065']"
"QuickStay - Luxury on Bay St. (Yonge & College), Toronto",HOTEL,$98 CAD,,,8.0,"1 room, 1 adult","['43.66198', '-79.38649']"
"QuickStay - Luxury Executive in Yorkville (Yonge & Bloor), Toronto",HOTEL,$143 CAD,,,Very Good8.0,"1 room, 1 adult","['43.67037', '-79.39413']"
"QuickStay - Yorkville's Finest (Yonge & Bloor), Toronto",HOTEL,$126 CAD,,,Very Good8.0,"1 room, 1 adult","['43.67037', '-79.39413']"
"Ghalib Homestay, Toronto",HOTEL,$59 CAD,,,Good6.6,"1 room, 1 adult","['43.70213', '-79.44404']"
"Royal Stays Condos, Toronto",HOTEL,,,,Very Good8.0,"1 room, 1 adult","['43.641741', '-79.382356']"
"Luxury Penthouse Suite, Mississauga",HOTEL,,,,,"1 room, 1 adult","['43.58707', '-79.64092']"
"3-Story Town House Downtown Toronto, Toronto",HOTEL,,,,Very Good8.0,"1 room, 1 adult","['43.6397', '-79.41308']"
"Boutique Harbourfront Condos, Toronto",HOTEL,,,,Very Good8.0,"1 room, 1 adult","['43.63768', '-79.39786']"
"QuickStay - Yorkville Dream (Yonge & Bloor), Toronto",HOTEL,,,,Very Good8.0,"1 room, 1 adult","['43.67037', '-79.39413']"
"Clean and Cozy Liberty Village, Toronto",HOTEL,,,,Good6.4,"1 room, 1 adult","['43.64039', '-79.42457']"
"Toronto Furnished Living Pembroke, Toronto",HOTEL,,,,Very Good8.0,"1 room, 1 adult","['43.65673', '-79.37154']"
"Lavish Suites - Luxury Condo - CN TOWER, Toronto",HOTEL,,,,,"1 room, 1 adult","['43.6429', '-79.37696']"
"Lavish Suites - Luxury Condo - Downtown, Toronto",HOTEL,$109 CAD,,,Very Good8.0,"1 room, 1 adult","['43.63648', '-79.40481']"
"Sub-Penthouse 3BDR Corner W/CN Tower Lake Views, Toronto",HOTEL,,,,Very Good8.0,"1 room, 1 adult","['43.63819', '-79.39771']"
"Toronto Queen Suites, Toronto",HOTEL,,,,Very Good8.0,"1 room, 1 adult","['43.64171', '-79.42334']"
"Applewood Suites - Luxury 3 BDRM, Toronto",HOTEL,,,,Very Good8.0,"1 room, 1 adult","['43.64411', '-79.38941']"
"Applewood Suites - Condo Townhome, Toronto",HOTEL,,,,Very Good8.0,"1 room, 1 adult","['43.6383', '-79.39775']"
"Applewood Suites - The Wellington Loft, Toronto",HOTEL,,,,Very Good8.0,"1 room, 1 adult","['43.64337', '-79.39911']"
"Residence & Conference Centre  Toronto Downtown - George Brown College, Toronto",HOTEL,,,,Very Good8.0,"1 room, 1 adult","['43.653472', '-79.357255']"
"Executive Skyline Suites, Mississauga",HOTEL,,,,Very Good8.0,"1 room, 1 adult","['43.58465', '-79.64631']"
"Life Suites Ice - Lake and City View, Toronto",HOTEL,$154 CAD,,,Very Good8.0,"1 room, 1 adult","['43.64141', '-79.38151']"
"City View High-Rise Condo, Toronto",HOTEL,,,,Good7.0,"1 room, 1 adult","['43.64288', '-79.38066']"
"Luxury Homestyle Condo, Toronto",HOTEL,,,,Very Good8.0,"1 room, 1 adult","['43.647487', '-79.392882']"
"Living Suites Toronto - Queens Park, Toronto",HOTEL,,,,Good6.0,"1 room, 1 adult","['43.65729', '-79.40252']"
"Liberty Village Condo w/Parking, Toronto",HOTEL,,,,Very Good8.0,"1 room, 1 adult","['43.638547', '-79.416381']"
"Humber College Lakeshore Campus Residence, Toronto",HOTEL,,,,Very Good8.0,"1 room, 1 adult","['43.59683', '-79.52027']"
,,,,,,,[]
,,,,,,,[]
,,,,,,,[]
,,,,,,,[]
"Sun Suites - Lakeview Suites offered by Short Term Stays, Toronto",HOTEL,,,,,"1 room, 1 adult","['43.64052', '-79.39701']"
"Luxurious Toronto Lofts, Toronto",HOTEL,,,,,"1 room, 1 adult","['43.64155', '-79.42453']"
"QuickStay - Premium 2bdrm in Yorkville (Yonge & Bloor), Toronto",HOTEL,$156 CAD,,,Good7.0,"1 room, 1 adult","['43.67037', '-79.39413']"
"Canada Suites - 832 Bay St., Toronto",HOTEL,,,,Fair4.6,"1 room, 1 adult","['43.66198', '-79.38649']"
"City Condo by Rogers Centre, Toronto",HOTEL,,,,Very Good8.0,"1 room, 1 adult","['43.63877', '-79.39892']"
"WithMore Suites-Temperance St Apartments, Toronto",HOTEL,,,,Good7.0,"1 room, 1 adult","['43.6505', '-79.38229']"
"EG Suites - York St Condos 1 near CN Tower offered by Short Term Stays, Toronto",HOTEL,,,,Exceptional10.0,"1 room, 1 adult","['43.64141', '-79.38151']"
"Noel Suites - John and Front St West, Toronto",HOTEL,$134 CAD,,,Superb9.2,"1 room, 1 adult","['43.64832', '-79.39298']"
"The Parkdale Hostellerie, Toronto",HOTEL,$72 CAD,,,Very Good8.0,"1 room, 1 adult","['43.64142', '-79.43134']"
"Life Suites Rogers Centre, Toronto",HOTEL,,,,Very Good8.0,"1 room, 1 adult","['43.64007', '-79.39334']"
"The Broadview Hotel, Toronto",HOTEL,$229 CAD,,,10.0,"1 room, 1 adult","['43.65898', '-79.34994']"
,,,,,,,[]
"Atlas Suites College St Furnished Apts, Toronto",HOTEL,,,,Very Good8.0,"1 room, 1 adult","['43.65729', '-79.40252']"
"Quartz Suite by Rogers Centre, Toronto",HOTEL,,,,Very Good8.0,"1 room, 1 adult","['43.63834', '-79.39822']"
"Bisha Hotel Toronto, Toronto",HOTEL,$296 CAD,,,10.0,"1 room, 1 adult","['43.64572', '-79.3923']"
"Palace Hotel North York Centre, Toronto",HOTEL,$118 CAD,,,Good7.2,"1 room, 1 adult","['43.76916', '-79.41017']"
"Noel Suites-York St and Lakeshore Blvd, Toronto",HOTEL,$143 CAD,,,Very Good8.0,"1 room, 1 adult","['43.641789', '-79.381017']"
"Trinity Suites - Condo on York Street, Toronto",HOTEL,$208 CAD,,,Very Good8.0,"1 room, 1 adult","['43.64155', '-79.38145']"
"CITYPLACE 1B LUX CONDO LAKESIDE SKYDOME MTCC, Toronto",HOTEL,,,,Very Good8.0,"1 room, 1 adult","['43.63877', '-79.39892']"
"Lavish Suites - Luxury One Bedroom Condo, Toronto",HOTEL,$112 CAD,,,4.0,"1 room, 1 adult","['43.642384', '-79.38129']"
"DT City 1 BR by Jays, MTCC, CN Tower, Toronto",HOTEL,,,,Very Good8.0,"1 room, 1 adult","['43.638771', '-79.399123']"
"Aaira Suites, Toronto",HOTEL,,,,Good7.0,"1 room, 1 adult","['43.64155', '-79.38145']"
"QuickStay - Elegance in Yorkville (Yonge & Bloor), Toronto",HOTEL,$101 CAD,,,Very Good8.0,"1 room, 1 adult","['43.67037', '-79.39413']"
"Applewood Suites - West Queen West Loft, Toronto",HOTEL,,,,Very Good8.0,"1 room, 1 adult","['43.64305', '-79.42538']"
"Lavish Suites - 4 Bedroom Guesthouse, Toronto",HOTEL,,,,No guest ratings yet,"1 room, 1 adult","['43.76689', '-79.52452']"
"Plush Residence, Toronto",HOTEL,$268 CAD,,,Very Good8.0,"1 room, 1 adult","['43.640295', '-79.395753']"
"Applewood Suites - Executive 3 BDRM, Toronto",HOTEL,,,,Very Good8.4,"1 room, 1 adult","['43.644', '-79.38908']"
"Applewood Suites - Queen West Studio, Toronto",HOTEL,,,,Very Good8.0,"1 room, 1 adult","['43.64472', '-79.41711']"
"Applewood Suites - Front Street West, Toronto",HOTEL,$139 CAD,,,Very Good8.2,"1 room, 1 adult","['43.644', '-79.38908']"
"Applewood Suites - The Ossington Loft, Toronto",HOTEL,$219 CAD,,,Very Good8.0,"1 room, 1 adult","['43.64529', '-79.41893']"
"Applewood Suites - CN Tower & Convention, Toronto",HOTEL,,,,Very Good8.2,"1 room, 1 adult","['43.644', '-79.38914']"
"Mississauga Inn and Suites, Mississauga",HOTEL,$96 CAD,,,Good6.4,"1 room, 1 adult","['43.58897', '-79.74285']"
"Applewood Suites - 4 BDRM King West, Toronto",HOTEL,,,,Very Good8.0,"1 room, 1 adult","['43.63884', '-79.42867']"
"Applewood Suites - 3 BDRM Ent. District, Toronto",HOTEL,,,,Very Good8.0,"1 room, 1 adult","['43.64141', '-79.38151']"
"Applewood Suites - Financial District, Toronto",HOTEL,,,,,"1 room, 1 adult","['43.64141', '-79.38151']"
"Applewood Suites - Modern Paradise Loft, Toronto",HOTEL,,,,Very Good8.0,"1 room, 1 adult","['43.6472', '-79.4031']"
"Applewood Suites - 1 BR Wellington West, Toronto",HOTEL,,,,Very Good8.0,"1 room, 1 adult","['43.64513', '-79.39075']"
"Applewood Suites - Ent. District Studio, Toronto",HOTEL,,,,Very Good8.0,"1 room, 1 adult","['43.6459', '-79.39384']"
"Applewood Suites - Convention Centre & Blue Jays, Toronto",HOTEL,$201 CAD,,,Very Good8.0,"1 room, 1 adult","['43.644', '-79.38914']"
"QuickStay - Stunning 4bdrm House in Vaughan, Vaughan",HOTEL,,,,Superb9.0,"1 room, 1 adult","['43.806754', '-79.463817']"
"QuickStay - Beautiful 5bdrm House in Vaughan, Vaughan",HOTEL,,,,,"1 room, 1 adult","['43.84408', '-79.51452']"
"Trinity Suites - Condo on Front Street, Toronto",HOTEL,$132 CAD,,,Very Good8.0,"1 room, 1 adult","['43.6444', '-79.38918']"
"Trinity Suites - Condo on York Street I, Toronto",HOTEL,,,,Very Good8.0,"1 room, 1 adult","['43.64141', '-79.38151']"
"Applewood Suites - Danforth Avenue, Toronto",HOTEL,,,,,"1 room, 1 adult","['43.6816', '-79.32592']"
"Applewood Suites - 2 BDRM King & Spadina, Toronto",HOTEL,,,,Very Good8.0,"1 room, 1 adult","['43.6459', '-79.39384']"
"Applewood Suites - 2 BDRM York & Bremner, Toronto",HOTEL,,,,Good7.0,"1 room, 1 adult","['43.64141', '-79.38151']"
"Applewood Suites - Bloor West House, Toronto",HOTEL,,,,Very Good8.0,"1 room, 1 adult","['43.64296', '-79.50983']"
"Applewood Suites - Danforth Basement, Toronto",HOTEL,,,,Good7.6,"1 room, 1 adult","['43.684', '-79.32979']"
"Applewood Suites - Fashion District Loft, Toronto",HOTEL,,,,Very Good8.0,"1 room, 1 adult","['43.64569', '-79.40008']"
"Platinum Suites - Scotia Bank Arena, Toronto",HOTEL,$130 CAD,,,Very Good8.0,"1 room, 1 adult","['43.64291', '-79.38054']"
"Platinum Suites - Incredible CN Tower View, Toronto",HOTEL,$129 CAD,,,Fabulous8.6,"1 room, 1 adult","['43.64155', '-79.38145']"
"Midnight Suites, Toronto",HOTEL,,,,,"1 room, 1 adult","['43.652634', '-79.358092']"
"Bright Sub-Penthouse on Bay St, Toronto",HOTEL,$281 CAD,,,Very Good8.0,"1 room, 1 adult","['43.66236', '-79.3859']"
"Condo in the sky with a breathtaking view, Toronto",HOTEL,$175 CAD,,,Very Good8.0,"1 room, 1 adult","['43.64155', '-79.38145']"
"QuickStay - Ultra Luxury on Front St. (Union Station), Toronto",HOTEL,,,,8.0,"1 room, 1 adult","['43.64411', '-79.38941']"
"Applewood Suites - Lakeview 3 BDRM, Toronto",HOTEL,,,,Very Good8.0,"1 room, 1 adult","['43.64155', '-79.38145']"
"Toronto Marriott Markham, Markham",HOTEL,$148 CAD,,,Very Good8.0,"1 room, 1 adult","['43.84936', '-79.32528']"
"Luxurious 3 Bedroom Home, Brampton",HOTEL,,,,Superb9.0,"1 room, 1 adult","['43.71556', '-79.77437']"
"MiCasa Suites - Modern Executive Condo, Toronto",HOTEL,$129 CAD,,,Fabulous8.6,"1 room, 1 adult","['43.64155', '-79.38145']"
"Charlton Suites Guest House, Toronto",HOTEL,$83 CAD,,,,"1 room, 1 adult","['43.78131', '-79.43193']"
"N2N Suites - Downtown City Suites offered by Short Term Stays, Toronto",HOTEL,,,,,"1 room, 1 adult","['43.64052', '-79.39701']"
"The Anndore House, Toronto",HOTEL,$161 CAD,,,Superb9.2,"1 room, 1 adult","['43.66855', '-79.38538']"
"QuickStay - Class in Yorkville (Yonge & Bloor), Toronto",HOTEL,$98 CAD,,,Exceptional9.6,"1 room, 1 adult","['43.67037', '-79.39413']"
"Hotel X Toronto by Library Hotel Collection, Toronto",HOTEL,$267 CAD,,,Fabulous8.6,"1 room, 1 adult","['43.63354', '-79.41243']"
"Noel Suites - York and Bremner, Toronto",HOTEL,$157 CAD,,,Superb9.2,"1 room, 1 adult","['43.64292', '-79.38149']"
"QuickStay - Chic in Yorkville (Yonge & Bloor), Toronto",HOTEL,,,,Good7.0,"1 room, 1 adult","['43.67037', '-79.39413']"
"QuickStay - Classy 5brm House in Vaughan, Vaughan",HOTEL,,,,Superb9.0,"1 room, 1 adult","['43.80917', '-79.44675']"
"Applewood Suites - Queen West, Toronto",HOTEL,,,,Good7.0,"1 room, 1 adult","['43.64855', '-79.40675']"
"Oasis in Midtown Toronto, Toronto",HOTEL,$110 CAD,,,,"1 room, 1 adult","['43.74544', '-79.43443']"
"Jet Furnished Suites Yorkville, Toronto",HOTEL,,,,Exceptional9.6,"1 room, 1 adult","['43.670428', '-79.394559']"
"King Street Executive Suite, Toronto",HOTEL,$200 CAD,,,Exceptional9.6,"1 room, 1 adult","['43.646055', '-79.393947']"
"Beautiful 4Br Downtown House. Sleeps 10, Toronto",HOTEL,,,,Good7.0,"1 room, 1 adult","['43.65645', '-79.36005']"
"Pinnacle Suites - 2Br Suite, Toronto",HOTEL,,,,Exceptional9.6,"1 room, 1 adult","['43.64566', '-79.39956']"
"Elite Suites - Queen West Condo offered by Short Term Stays, Toronto",HOTEL,,,,Good7.0,"1 room, 1 adult","['43.64195', '-79.42281']"
"Spacious Bachelor Apt offered by Short Term Stays, Toronto",HOTEL,,,,Exceptional9.6,"1 room, 1 adult","['43.66397', '-79.4373']"
"WaterFront Condo offered by Short Term Stays, Toronto",HOTEL,,,,Very Good8.0,"1 room, 1 adult","['43.63979', '-79.39794']"
"Platinum Suites - Luxury Penthouse, Toronto",HOTEL,,,,No guest ratings yet,"1 room, 1 adult","['43.64155', '-79.38145']"
"Platinum Suites - Modern Luxury High Rise Condo, Toronto",HOTEL,$199 CAD,,,Good7.0,"1 room, 1 adult","['43.64155', '-79.38145']"
"Platinum Suites - Breathtaking CN Tower View, Toronto",HOTEL,,,,Very Good8.4,"1 room, 1 adult","['43.64141', '-79.38151']"
"The Avalon Yorkville, Toronto",HOTEL,$88 CAD,,,Good6.6,"1 room, 1 adult","['43.670246', '-79.394535']"
"Quality Inn & Suites, Oakville",HOTEL,$94 CAD,,,Good6.2,"1 room, 1 adult","['43.50731', '-79.66429']"
"QuickStay - Charming & Luxurious Downtown Condo, Toronto",HOTEL,,,,Good7.0,"1 room, 1 adult","['43.64155', '-79.38145']"
"QuickStay - Breathtaking 3-Bedroom in the Heart of Downtown, Toronto",HOTEL,$161 CAD,,,Fabulous8.8,"1 room, 1 adult","['43.64411', '-79.38941']"
"QuickStay - Gorgeous 2-Bedroom in the Heart of Downtown, Toronto",HOTEL,$110 CAD,,,4.0,"1 room, 1 adult","['43.64411', '-79.38941']"
"QuickStay - Enchantment in Yorkville (Yonge & Bloor), Toronto",HOTEL,$118 CAD,,,6.0,"1 room, 1 adult","['43.67037', '-79.39413']"
"Noel Suites - York and Simcoe, Toronto",HOTEL,$157 CAD,,,Exceptional9.4,"1 room, 1 adult","['43.64607', '-79.38554']"
"Diamond Vacation Homes - City Place, Toronto",HOTEL,$185 CAD,,,Exceptional10.0,"1 room, 1 adult","['43.63877', '-79.39892']"
"Elevate Rooms JJ Homestay, Toronto",HOTEL,,,,Good7.0,"1 room, 1 adult","['43.80557', '-79.37513']"
"Luxurious penthouse - Downtown Central, Toronto",HOTEL,,,,Good7.0,"1 room, 1 adult","['43.65478', '-79.37459']"
"Bright 2 Bed Lakeview Suite, Toronto",HOTEL,,,,Good7.0,"1 room, 1 adult","['43.63877', '-79.39892']"
"Gorgeous 2 Storey Townhouse, Toronto",HOTEL,,,,Very Good8.0,"1 room, 1 adult","['43.63842', '-79.39786']"
"Beautiful Home by Rogers Centre, Toronto",HOTEL,,,,Good7.0,"1 room, 1 adult","['43.63877', '-79.39892']"
"City Condo By Rogers Centre, Toronto",HOTEL,,,,Exceptional9.6,"1 room, 1 adult","['43.63877', '-79.39892']"
"City View High-Rise Condo, Toronto",HOTEL,,,,Good6.4,"1 room, 1 adult","['43.64248', '-79.38067']"
"Lovely Homestyle Condo, Toronto",HOTEL,,,,Good7.0,"1 room, 1 adult","['43.64513', '-79.39075']"
"Applewood Suites - The Annex Lofts, Toronto",HOTEL,,,,,"1 room, 1 adult","['43.65986', '-79.4094']"
"Applewood Suites - Yorkville, Toronto",HOTEL,,,,,"1 room, 1 adult","['43.67251', '-79.39715']"
"Applewood Suites - Annex Coachhouse Loft, Toronto",HOTEL,,,,Good7.0,"1 room, 1 adult","['43.65986', '-79.4094']"
"Applewood Suites - Luxury Condo, Toronto",HOTEL,,,,Good7.0,"1 room, 1 adult","['43.64141', '-79.38151']"
"Applewood Suites - Bloor & Spadina, Toronto",HOTEL,,,,Good7.0,"1 room, 1 adult","['43.66938', '-79.40456']"
"Applewood Suites - 2 BDRM King W, Toronto",HOTEL,$159 CAD,,,Good6.0,"1 room, 1 adult","['43.6459', '-79.39384']"
"Applewood Suites - Palmerston Avenue, Toronto",HOTEL,,,,Exceptional9.6,"1 room, 1 adult","['43.655594', '-79.409694']"
"Applewood Suites - 3 Bed Waterfront Area, Toronto",HOTEL,$136 CAD,,,No guest ratings yet,"1 room, 1 adult","['43.64155', '-79.38145']"
"Applewood Suites - Kensington Market, Toronto",HOTEL,,,,Exceptional9.6,"1 room, 1 adult","['43.65555', '-79.40635']"
"Applewood Suites - Executive Basement, Toronto",HOTEL,$129 CAD,,,Good7.0,"1 room, 1 adult","['43.66711', '-79.40681']"
"Applewood Suites - Sherway Gardens, Toronto",HOTEL,,,,,"1 room, 1 adult","['43.60535', '-79.5343']"
"Applewood Suites - City Place, Toronto",HOTEL,$139 CAD,,,Good7.0,"1 room, 1 adult","['43.639804', '-79.398179']"
"Applewood Suites - 2 BDRM Annex Loft, Toronto",HOTEL,,,,Good7.0,"1 room, 1 adult","['43.65987', '-79.40931']"
"Applewood Suites - Bathurst & College, Toronto",HOTEL,,,,,"1 room, 1 adult","['43.656148', '-79.410225']"
"Applewood Suites - The CasaDupont, Toronto",HOTEL,,,,Good7.0,"1 room, 1 adult","['43.674632', '-79.408179']"
"Applewood Suites - Chinatown Loft, Toronto",HOTEL,,,,Exceptional9.6,"1 room, 1 adult","['43.65449', '-79.39899']"
"Applewood Suites - West Queen West Lofts, Toronto",HOTEL,,,,Good7.0,"1 room, 1 adult","['43.64472', '-79.41711']"
"The Atmosphere Boutique Suites, Toronto",HOTEL,$131 CAD,,,Very Good8.0,"1 room, 1 adult","['43.64411', '-79.38941']"
"The Elements Boutique Suites, Toronto",HOTEL,$114 CAD,,,10.0,"1 room, 1 adult","['43.64382', '-79.39173']"
"Two-bedroom Superior Apartment, Mississauga",HOTEL,,,,Very Good8.0,"1 room, 1 adult","['43.58593', '-79.64718']"
"Toronto Furnished Living Scarborough, Toronto",HOTEL,,,,Good7.0,"1 room, 1 adult","['43.7412', '-79.28172']"
"Richview Gardens Apartment, Toronto",HOTEL,$106 CAD,,,Exceptional9.8,"1 room, 1 adult","['43.68627', '-79.55419']"
"Noel Suites - York and Harbour St., Toronto",HOTEL,$139 CAD,,,Superb9.2,"1 room, 1 adult","['43.64124', '-79.38087']"
"QuickStay - Art Collector's Penthouse in Yorkville, Toronto",HOTEL,,,,Good7.0,"1 room, 1 adult","['43.67142', '-79.39448']"
"Comfy 2 Bed House, Toronto",HOTEL,,,,Exceptional9.6,"1 room, 1 adult","['43.69295', '-79.44663']"
"Don Mills Home, Toronto",HOTEL,,,,Good7.0,"1 room, 1 adult","['43.78115', '-79.34253']"
"Penthouse 7: Smart Luxury Tower w/Panoramic View , Toronto",HOTEL,,,,,"1 room, 1 adult","['43.64185', '-79.4102']"
"Noel Suites - Air Canada Centre, Toronto",HOTEL,$149 CAD,,,8.0,"1 room, 1 adult","['43.64348', '-79.37908']"
"Downtown Executive Suite, Toronto",HOTEL,,,,,"1 room, 1 adult","['43.642241', '-79.414682']"
"Royal Stays Condominiums - Downtown, Toronto",HOTEL,,,,Good7.0,"1 room, 1 adult","['43.641975', '-79.381136']"
"NB Urban Luxury Suites, Toronto",HOTEL,$135 CAD,,,Exceptional9.6,"1 room, 1 adult","['43.63607', '-79.43671']"
"Executive High Rise Suite, Toronto",HOTEL,,,,Good7.0,"1 room, 1 adult","['43.65466', '-79.37912']"
"Hotel 89 Yorkville, Toronto",HOTEL,$114 CAD,,,Good6.4,"1 room, 1 adult","['43.67236', '-79.3952']"
"Aaira Suites Grand Trunk, Toronto",HOTEL,,,,6.0,"1 room, 1 adult","['43.64164', '-79.38256']"
"Holiday Toronto, Toronto",HOTEL,,,,,"1 room, 1 adult","['43.67745', '-79.38007']"
"Parkside Student Residence, Toronto",HOTEL,,,,Fair4.2,"1 room, 1 adult","['43.66208', '-79.37699']"
"Centennial Place Student Residence Scarborough, Toronto",HOTEL,,,,Good7.0,"1 room, 1 adult","['43.784352', '-79.22991']"
"Home Base, Markham",HOTEL,$27 CAD,,,Good7.4,"1 room, 1 adult","['43.82943', '-79.32202']"
"High Rise 2BR next to Air Canada Ct, Toronto",HOTEL,,,,Good7.0,"1 room, 1 adult","['43.64141', '-79.38151']"
"MiCasa Suites - Stylish Condo in the Heart of Downtown, Toronto",HOTEL,,,,Exceptional9.6,"1 room, 1 adult","['43.64382', '-79.39173']"
"MiCasa Suites - Stylish Condo in Maple Leaf Square, Toronto",HOTEL,,,,Good6.4,"1 room, 1 adult","['43.64288', '-79.38066']"
"Simply Comfort. Gorgeous Apartments in the Heart of Toronto, Toronto",HOTEL,$99 CAD,,,6.0,"1 room, 1 adult","['43.64155', '-79.38145']"
"Luxury cozy 9 bedrooms vacation home , Richmond Hill",HOTEL,,,,Very Good8.0,"1 room, 1 adult","['43.85356', '-79.41165']"
"iHost Suites, Toronto",HOTEL,$127 CAD,,,Good7.4,"1 room, 1 adult","['43.64155', '-79.38145']"
"NAPA Furnished Executive Suites, Toronto",HOTEL,,,,Good7.0,"1 room, 1 adult","['43.64411', '-79.38941']"
"NAPA Furnished Suites Square One, Mississauga",HOTEL,,,,Very Good8.0,"1 room, 1 adult","['43.58727', '-79.64129']"
"Noel Suites - Fashion District, Toronto",HOTEL,,,,Good7.0,"1 room, 1 adult","['43.643834', '-79.402659']"
"Elevate Rooms Ellesmere Subway Station Guest House, Toronto",HOTEL,,,,Good7.0,"1 room, 1 adult","['43.764538', '-79.282124']"
"Newly Designed 1BR Condo, Toronto",HOTEL,,,,Good7.0,"1 room, 1 adult","['43.64025', '-79.39596']"
"Modern 1BR Condo - Stunning View, Toronto",HOTEL,,,,,"1 room, 1 adult","['43.64751', '-79.39272']"
"Amazing Reno 2BR Apartment, Toronto",HOTEL,,,,Good7.0,"1 room, 1 adult","['43.66886', '-79.33666']"
"Amazing 1BR Unit in Popular, Toronto",HOTEL,,,,Good7.0,"1 room, 1 adult","['43.64638', '-79.39353']"
"Beautifully Decorated 1BR Unit, Toronto",HOTEL,,,,,"1 room, 1 adult","['43.65495', '-79.38468']"
"Gorgeous 1BR House in Riverdale, Toronto",HOTEL,,,,Good6.0,"1 room, 1 adult","['43.67155', '-79.34611']"
"Luxury 2BR Condo in Popular Queen West, Toronto",HOTEL,,,,Good7.0,"1 room, 1 adult","['43.642908', '-79.427975']"
"Amazing 1BR Apartment Near Mall, Toronto",HOTEL,,,,Exceptional9.6,"1 room, 1 adult","['43.72383', '-79.44522']"
"Lovely 2BR apartment, Toronto",HOTEL,,,,Good7.0,"1 room, 1 adult","['43.67103', '-79.29682']"
"Stunning 2BR Unit, Toronto",HOTEL,,,,Good7.0,"1 room, 1 adult","['43.67103', '-79.29682']"
"Spectacular 1BR Unit, Toronto",HOTEL,,,,Exceptional9.6,"1 room, 1 adult","['43.67094', '-79.29666']"
"Charming 1 Bedroom Town Home, Toronto",HOTEL,,,,Exceptional9.6,"1 room, 1 adult","['43.67231', '-79.38879']"
"Fantastic 2BR Town Home, Toronto",HOTEL,,,,Exceptional9.6,"1 room, 1 adult","['43.64075', '-79.42693']"
"Gorgeous 1BR Condo at Eaton Centre, Toronto",HOTEL,,,,Good7.0,"1 room, 1 adult","['43.65488', '-79.37922']"
"Beautiful Two Level House in Yorkville, Toronto",HOTEL,,,,Exceptional9.6,"1 room, 1 adult","['43.67383', '-79.39298']"
"Stunning 1BR Den Stunning View, Toronto",HOTEL,,,,Good7.0,"1 room, 1 adult","['43.64571', '-79.39311']"
"Newly Renovated Studio, Toronto",HOTEL,,,,Exceptional9.6,"1 room, 1 adult","['43.66188', '-79.38571']"
"Stunning 1BR Condo Downtown Location, Toronto",HOTEL,,,,Good6.0,"1 room, 1 adult","['43.66188', '-79.38571']"
"Amazing 1BR in Popular King West, Toronto",HOTEL,,,,Very Good8.0,"1 room, 1 adult","['43.64377', '-79.40135']"
"Spectular 1BR Condo in Hot King West, Toronto",HOTEL,,,,Good7.0,"1 room, 1 adult","['43.64377', '-79.40135']"
"Stylish Condo in Amazing King West Area, Toronto",HOTEL,,,,Exceptional9.6,"1 room, 1 adult","['43.64377', '-79.40135']"
"Stunning 1BR Condo in Popular King West, Toronto",HOTEL,,,,Exceptional9.6,"1 room, 1 adult","['43.64377', '-79.40135']"
"Luxury 1BR in the Heart of King West, Toronto",HOTEL,,,,Good7.0,"1 room, 1 adult","['43.64377', '-79.40135']"
"Beautiful House in Forest Hill, Toronto",HOTEL,,,,Exceptional9.6,"1 room, 1 adult","['43.6902', '-79.41252']"
"Absolutely Stunning Condo, Toronto",HOTEL,,,,Good7.0,"1 room, 1 adult","['43.64579', '-79.39958']"
"Spacious 3BR Forest Hill Unit, Toronto",HOTEL,,,,Very Good8.0,"1 room, 1 adult","['43.70331', '-79.40581']"
"Grand Forest Hill 2BR Hideaway, Toronto",HOTEL,,,,Exceptional9.6,"1 room, 1 adult","['43.70331', '-79.40581']"
"Spacious 1BR - King Bed and Terrace, Toronto",HOTEL,,,,,"1 room, 1 adult","['43.67001', '-79.38409']"
"Spectacular 1BR Unit - King Bed, Toronto",HOTEL,,,,,"1 room, 1 adult","['43.67001', '-79.38409']"
"Spacious 1BR Penthouse - Amazing Terrace, Toronto",HOTEL,,,,,"1 room, 1 adult","['43.67001', '-79.38409']"
"Stunning 1BR Basement Apt - King Size, Toronto",HOTEL,,,,No guest ratings yet,"1 room, 1 adult","['43.67001', '-79.38409']"
"1 BR Prime Location In City, Toronto",HOTEL,,,,Good7.0,"1 room, 1 adult","['43.64697', '-79.40621']"
"Trendy 1BR Unit on Queen St. W., Toronto",HOTEL,,,,Good7.0,"1 room, 1 adult","['43.64697', '-79.40621']"
"Stunning New Condo - Heart of King West, Toronto",HOTEL,,,,Good7.0,"1 room, 1 adult","['43.64549', '-79.39239']"
"Pelican Suite at Harbour Plaza, Toronto",HOTEL,,,,Exceptional10.0,"1 room, 1 adult","['43.64185', '-79.37884']"
"Pelicanstay at Square One Mall, Mississauga",HOTEL,,,,Very Good8.0,"1 room, 1 adult","['43.58705', '-79.64088']"
"Pelicanstay at Yonge & Sheppard North York, Toronto",HOTEL,,,,Good7.2,"1 room, 1 adult","['43.761578', '-79.410214']"
"Pelicanstay at Rogers Centre, Toronto",HOTEL,,,,Exceptional9.6,"1 room, 1 adult","['43.64151', '-79.38955']"
"Pelicanstay at The Pantages, Toronto",HOTEL,,,,,"1 room, 1 adult","['43.65466', '-79.37912']"
"Pelicanstay in Downtown Toronto, Toronto",HOTEL,,,,,"1 room, 1 adult","['43.64411', '-79.38941']"
"Executive Suite at Brampton House, Brampton",HOTEL,,,,Good6.4,"1 room, 1 adult","['43.664046', '-79.794313']"
"Pelicanstay at Blue Jays Way, Toronto",HOTEL,,,,Good6.8,"1 room, 1 adult","['43.64382', '-79.39173']"
"Pelicanstay in Toronto Entertainment District, Toronto",HOTEL,,,,Good7.0,"1 room, 1 adult","['43.6388', '-79.39878']"
"Simply Comfort. Amazing Downtown Apartments, Toronto",HOTEL,$99 CAD,,,Superb9.0,"1 room, 1 adult","['43.638373', '-79.397593']"
"QuickStay - Upscale Condo (Lake View), Toronto",HOTEL,$110 CAD,,,Very Good8.4,"1 room, 1 adult","['43.64293', '-79.38149']"
"Pelicanstay in Toronto Fashion District, Toronto",HOTEL,,,,,"1 room, 1 adult","['43.64566', '-79.39956']"
"Pelicanstay in Churchill Meadows, Mississauga",HOTEL,,,,No guest ratings yet,"1 room, 1 adult","['43.55682', '-79.75361']"
"Executive Suite at Liberty Village, Toronto",HOTEL,,,,Exceptional9.6,"1 room, 1 adult","['43.64237', '-79.42454']"
"QuickStay - Premium 2-Bedroom with CN Tower & Lake Views, Toronto",HOTEL,$115 CAD,,,Very Good8.2,"1 room, 1 adult","['43.64031', '-79.39837']"
"Comfy Lakeside Home by Skydome, Toronto",HOTEL,,,,Exceptional9.6,"1 room, 1 adult","['43.63834', '-79.39822']"
"Bisha - 5 Star New Luxury Condo, Toronto",HOTEL,,,,,"1 room, 1 adult","['43.64549', '-79.39239']"
"New Modern - DT King W Spacious 3BR, Toronto",HOTEL,,,,Good7.0,"1 room, 1 adult","['43.64052', '-79.39701']"
"CN Tower View High Floor Free Parking, Toronto",HOTEL,,,,Good7.0,"1 room, 1 adult","['43.64155', '-79.38145']"
"Modern Skyscraper Studio by CN Tower, Toronto",HOTEL,,,,Good7.0,"1 room, 1 adult","['43.64258', '-79.38717']"
"Premium 2 Bed Luxury Bath + Parking, Toronto",HOTEL,,,,Good7.0,"1 room, 1 adult","['43.637473', '-79.404571']"
"Lower Penthouse in the City, Toronto",HOTEL,,,,,"1 room, 1 adult","['43.64509', '-79.40222']"
"Downtown Toronto Luxury Condo, Toronto",HOTEL,$143 CAD,,,8.0,"1 room, 1 adult","['43.64041', '-79.39724']"
"iResidence in Toronto- Vacation Home, Toronto",HOTEL,,,,,"1 room, 1 adult","['43.6308', '-79.5633']"
"The Bishop Stays, Toronto",HOTEL,,,,,"1 room, 1 adult","['43.67377', '-79.39321']"
"The Pier Boutique, Toronto",HOTEL,,,,Good7.0,"1 room, 1 adult","['43.6422', '-79.37195']"
"N2N Suites - ICE CityView Suite by Short Term Stays, Toronto",HOTEL,,,,2.0,"1 room, 1 adult","['43.642005', '-79.381189']"
"QuickStay - Classic & Trendy Yorkville Condo (Yonge & Bloor), Toronto",HOTEL,$112 CAD,,,Exceptional9.6,"1 room, 1 adult","['43.67037', '-79.39482']"
"Park Inn by Radisson Brampton, On, Brampton",HOTEL,$93 CAD,,,Fabulous8.6,"1 room, 1 adult","['43.77155', '-79.6579']"
"QuickStay - Incredible Downtown Condo (Yonge & College), Toronto",HOTEL,,,,Good7.0,"1 room, 1 adult","['43.66137', '-79.3831']"
"Simply Comfort. Maple Leaf Square, Toronto",HOTEL,$99 CAD,,,Superb9.0,"1 room, 1 adult","['43.642479', '-79.383398']"
"Brockton Cave, Toronto",HOTEL,$100 CAD,,,Exceptional9.6,"1 room, 1 adult","['43.65022', '-79.4363']"
"QuickStay - Premium 2bdrm Downtown Condo, Toronto",HOTEL,$149 CAD,,,Exceptional9.6,"1 room, 1 adult","['43.64293', '-79.38149']"
"Visitor Accommodation, Toronto",HOTEL,$235 CAD,,,Good7.0,"1 room, 1 adult","['43.65446', '-79.37921']"
"Amazing New 1BR Condo with Parking, Toronto",HOTEL,,,,No guest ratings yet,"1 room, 1 adult","['43.75674', '-79.4071']"
"1BR Great Location Spectacular View, Toronto",HOTEL,,,,Good7.0,"1 room, 1 adult","['43.64052', '-79.39701']"
"Beautiful Large 3BR Condo with Parking, Toronto",HOTEL,,,,Good7.0,"1 room, 1 adult","['43.6388', '-79.39878']"
"The Pinnacle Boutique Suites, Toronto",HOTEL,,,,Good7.0,"1 room, 1 adult","['43.64623', '-79.38356']"
"Pinnacle Suites - 3BR Penthouse offered by Short Term Stays, Toronto",HOTEL,,,,Good7.0,"1 room, 1 adult","['43.64529', '-79.40263']"
"Kensington Suites, Toronto",HOTEL,,,,Exceptional9.6,"1 room, 1 adult","['43.656221', '-79.404151']"
"Yorkville's Finest Yonge & Bloor, Toronto",HOTEL,$224 CAD,,,Good7.0,"1 room, 1 adult","['43.67212', '-79.39055']"
"Yorkville's Charm Yonge & Bloor, Toronto",HOTEL,$183 CAD,,,Exceptional9.6,"1 room, 1 adult","['43.67212', '-79.39055']"
"Perfectly Located Condo CN Tower View, Toronto",HOTEL,,,,Exceptional9.6,"1 room, 1 adult","['43.642206', '-79.381177']"
"Yorkville Fantasy Yonge & Bloor 2BR 2BT, Toronto",HOTEL,$254 CAD,,,Very Good8.0,"1 room, 1 adult","['43.671874', '-79.38786']"
"Stylish and Central Condo, Toronto",HOTEL,$101 CAD,,,Very Good8.0,"1 room, 1 adult","['43.64185', '-79.38631']"
"Yorkville Penthouse Studio Yonge & Bloor, Toronto",HOTEL,$184 CAD,,,,"1 room, 1 adult","['43.67162', '-79.39207']"
"Plush Residence Downtown, Toronto",HOTEL,$180 CAD,,,Superb9.0,"1 room, 1 adult","['43.642106', '-79.381165']"
"Dairy Homestay, Toronto",HOTEL,$69 CAD,,,,"1 room, 1 adult","['43.73013', '-79.25511']"
"Applewood Suites - Etobicoke, Toronto",HOTEL,,,,,"1 room, 1 adult","['43.60131', '-79.50224']"
"QuickStay - Sunlit Luxury Loft on King West, Toronto",HOTEL,$112 CAD,,,Good7.0,"1 room, 1 adult","['43.641428', '-79.414998']"
"Luxury Yorkville Penthouse Suite, Toronto",HOTEL,,,,Exceptional9.6,"1 room, 1 adult","['43.67495', '-79.40013']"
"Three Bedroom Luxury Suite, Toronto",HOTEL,,,,Exceptional9.6,"1 room, 1 adult","['43.644', '-79.38904']"
"Hideaway - The Butler's Pantry, Toronto",HOTEL,,,,,"1 room, 1 adult","['43.66676', '-79.4005']"
"Luxury 2BR Condo in Yorkville, Toronto",HOTEL,,,,Very Good8.0,"1 room, 1 adult","['43.67209', '-79.38788']"
"Newly Renovated 2BR Townhome, Toronto",HOTEL,,,,,"1 room, 1 adult","['43.6685', '-79.37723']"
"Amazing 1BR Condo in Yorkville, Toronto",HOTEL,,,,Good6.6,"1 room, 1 adult","['43.67209', '-79.38788']"
"Bright Studio Apartment Spectacular View, Toronto",HOTEL,,,,Good6.4,"1 room, 1 adult","['43.63876', '-79.41626']"
"Diamond Suite, Toronto",HOTEL,$221 CAD,,,Exceptional9.6,"1 room, 1 adult","['43.644', '-79.38904']"
"Opal Suite, Toronto",HOTEL,,,,Exceptional9.6,"1 room, 1 adult","['43.64128', '-79.4001']"
"Aaira Suites at Fort York, Toronto",HOTEL,$121 CAD,,,Good7.0,"1 room, 1 adult","['43.63648', '-79.40468']"
"Aaira Suites 2 Bedrooms at Grand Trunk, Toronto",HOTEL,,,,,"1 room, 1 adult","['43.64164', '-79.38256']"
"Aaira Suites 2 Bedrooms, Toronto",HOTEL,,,,Good7.0,"1 room, 1 adult","['43.64153', '-79.38144']"
"Vacation in Toronto Suites, Toronto",HOTEL,,,,Fair4.6,"1 room, 1 adult","['43.66198', '-79.38649']"
"Spacious Open Condo with 2 Beds, Toronto",HOTEL,,,,Good7.0,"1 room, 1 adult","['43.63522', '-79.40199']"
"Newly Renovated 3BR Town Home, Toronto",HOTEL,,,,Good7.0,"1 room, 1 adult","['43.64131', '-79.41787']"
"Executive Suite Entertainment District, Toronto",HOTEL,$100 CAD,,,Very Good8.0,"1 room, 1 adult","['43.647605', '-79.392562']"
"Style in Yorkville, Toronto",HOTEL,,,,Good7.0,"1 room, 1 adult","['43.67216', '-79.39032']"
"QuickStay - Cityscape Condo in Fort York (CN Tower View) , Toronto",HOTEL,$98 CAD,,,Good7.0,"1 room, 1 adult","['43.63634', '-79.40682']"
"Richview Gardens Suite, Toronto",HOTEL,$179 CAD,,,Good7.0,"1 room, 1 adult","['43.68676', '-79.55432']"
"Newly Decorated 2BR Financial District, Toronto",HOTEL,,,,Good7.0,"1 room, 1 adult","['43.6505', '-79.38229']"
"Bsk Luxury Club, Toronto",HOTEL,,,,Exceptional9.6,"1 room, 1 adult","['43.64025', '-79.39596']"
"The York Boutique Suites, Toronto",HOTEL,$113 CAD,,,10.0,"1 room, 1 adult","['43.641937', '-79.38176']"
"Elevate Rooms at Spadina & Bloor , Toronto",HOTEL,,,,Good7.0,"1 room, 1 adult","['43.6675', '-79.40702']"
"Elevate Rooms Guesthouse on Spadina, Toronto",HOTEL,,,,Good7.0,"1 room, 1 adult","['43.67114', '-79.40529']"
"Two Peas Pod Hostel, Toronto",HOTEL,$119 CAD,,,Good7.0,"1 room, 1 adult","['43.65675', '-79.39923']"
"Easyhosts.Unique Central Victorian House, Toronto",HOTEL,$179 CAD,,,Exceptional9.6,"1 room, 1 adult","['43.6587', '-79.37286']"
"Presidential 3Br Condo - Core Downtown, Toronto",HOTEL,$200 CAD,,,Good7.0,"1 room, 1 adult","['43.64154', '-79.38144']"
"Veeds Private Suites York St, Toronto",HOTEL,,,,Exceptional9.6,"1 room, 1 adult","['43.64162', '-79.3814']"
"Hotel Suites near Eaton Centre, Toronto",HOTEL,,,,Exceptional9.6,"1 room, 1 adult","['43.65466', '-79.37912']"
"Stunning Harbourfront Condo, Toronto",HOTEL,,,,,"1 room, 1 adult","['43.63766', '-79.40247']"
"Luxurious Modern Townhouse, Toronto",HOTEL,,,,Good7.0,"1 room, 1 adult","['43.652253', '-79.40863']"
"Execstay - Luxury Yorkville Suites, Toronto",HOTEL,,,,Exceptional9.6,"1 room, 1 adult","['43.67037', '-79.39413']"
"Downtown Studio in Dundas Square, Toronto",HOTEL,,,,Good7.0,"1 room, 1 adult","['43.654546', '-79.378829']"
"EST Hotel, Toronto",HOTEL,$96 CAD,,,Good6.6,"1 room, 1 adult","['43.744309', '-79.605933']"
"Beautifully 1BR Condo at the Waterfront, Toronto",HOTEL,,,,Good7.0,"1 room, 1 adult","['43.644862', '-79.363906']"
"Gardens at Queen Luxury One Bedroom, Toronto",HOTEL,,,,Good7.0,"1 room, 1 adult","['43.649299', '-79.404443']"
"Brand New Three Bedroom in City Core, Toronto",HOTEL,,,,10.0,"1 room, 1 adult","['43.638679', '-79.399096']"
"Luxury One Bedroom by Rogers Centre, Toronto",HOTEL,,,,Exceptional9.4,"1 room, 1 adult","['43.644386', '-79.38915']"
"Elevate Rooms near Allan Gardens, Toronto",HOTEL,$86 CAD,,,Very Good8.2,"1 room, 1 adult","['43.66387', '-79.37453']"
"Exquisite 55th Floor 2Bed/2bath+Parking, Toronto",HOTEL,,,,Exceptional9.6,"1 room, 1 adult","['43.641885', '-79.382517']"
"Easyhosts.Amazing Victorian House, Toronto",HOTEL,$79 CAD,,,Good7.0,"1 room, 1 adult","['43.6587', '-79.37286']"
"Sarkar Suites - Maple Leaf Square, Toronto",HOTEL,$191 CAD,,,Good7.6,"1 room, 1 adult","['43.64291', '-79.38054']"
"Sarkar Suites - Entertainment District, Toronto",HOTEL,$91 CAD,,,Good7.0,"1 room, 1 adult","['43.64154', '-79.38144']"
"Sarkar Suites - Downtown Apartments, Toronto",HOTEL,,,,6.0,"1 room, 1 adult","['43.64164', '-79.38256']"
"Sarkar Suites - CN Tower Rogers Centre, Toronto",HOTEL,$118 CAD,,,Good7.6,"1 room, 1 adult","['43.64151', '-79.38955']"
"Sarkar Suites - Blue Jays Way, Toronto",HOTEL,$118 CAD,,,Good7.6,"1 room, 1 adult","['43.64385', '-79.39182']"
"Altitude Suites Bay Street by Teristo Group, Toronto",HOTEL,$321 CAD,,,Exceptional9.6,"1 room, 1 adult","['43.66198', '-79.38649']"
"Cozy Studio Condo with Great View, Toronto",HOTEL,,,,Exceptional9.6,"1 room, 1 adult","['43.63712', '-79.40462']"
"3 Bedrooms Design Home, Toronto",HOTEL,,,,Good7.6,"1 room, 1 adult","['43.67271', '-79.40647']"
"2 Bedrooms Apartment near Kensington Market  Unit 1, Toronto",HOTEL,,,,Good6.8,"1 room, 1 adult","['43.65564', '-79.39866']"
"Studio Apartment near Kensington Market  Unit 3, Toronto",HOTEL,,,,Very Good8.2,"1 room, 1 adult","['43.65564', '-79.39866']"
"1 Bedroom Bedrooms Apartment near Kensington Market  Unit 4, Toronto",HOTEL,,,,Exceptional9.6,"1 room, 1 adult","['43.65564', '-79.39866']"
"2 Bedrooms Apartment near Kensington Market  Unit 5, Toronto",HOTEL,,,,Very Good8.0,"1 room, 1 adult","['43.65564', '-79.39866']"
"2 Bedrooms Apartment near Kensington Market  Unit 9, Toronto",HOTEL,,,,Exceptional9.6,"1 room, 1 adult","['43.65564', '-79.39866']"
"2 Bedrooms Apartment near Kensington Market  Unit 10, Toronto",HOTEL,,,,Exceptional9.6,"1 room, 1 adult","['43.65564', '-79.39866']"
"2 Bedrooms Suite near Kensington Market  Unit 1, Toronto",HOTEL,,,,Good7.0,"1 room, 1 adult","['43.65143', '-79.40857']"
"3 Bedrooms Suite near Kensington Market  Unit 2, Toronto",HOTEL,,,,Exceptional9.6,"1 room, 1 adult","['43.65143', '-79.40857']"
"Breathtaking CN Tower View, Toronto",HOTEL,,,,Good7.0,"1 room, 1 adult","['43.64154', '-79.38144']"
"QuickStay - Upscale Yorkville Condo (Yonge & Bloor), Toronto",HOTEL,,,,10.0,"1 room, 1 adult","['43.67037', '-79.39482']"
"QuickStay - Style in Yorkville (Yonge & Bloor), Toronto",HOTEL,$113 CAD,,,Very Good8.4,"1 room, 1 adult","['43.67037', '-79.39482']"
"QuickStay - Executive Condo in Yorkville (Yonge & Bloor), Toronto",HOTEL,$106 CAD,,,Good7.0,"1 room, 1 adult","['43.67192', '-79.38746']"
"Backpacker College @ University of Toronto - New College Residence - Willson Hall , Toronto",HOTEL,,,,Good7.0,"1 room, 1 adult","['43.66154', '-79.40087']"
"The Mews Boutique Suites, Toronto",HOTEL,,,,Very Good8.0,"1 room, 1 adult","['43.637523', '-79.400877']"
"Luxury Lakeview Skyscraper by CN Tower, Toronto",HOTEL,,,,,"1 room, 1 adult","['43.641992', '-79.38162']"
"The Woodbine Beach House, Toronto",HOTEL,$79 CAD,,,Good7.0,"1 room, 1 adult","['43.66925', '-79.3014']"
"The Drake Hotel, Toronto",HOTEL,$229 CAD,,,Fabulous8.6,"1 room, 1 adult","['43.64315', '-79.42459']"
"Executive Suites at St. Clair West, Toronto",HOTEL,,,,Good7.0,"1 room, 1 adult","['43.68569', '-79.4047']"
"The Yorkville Boutique Suites, Toronto",HOTEL,,,,Good7.0,"1 room, 1 adult","['43.67037', '-79.39413']"
"The Wharf Boutique Suites, Toronto",HOTEL,,,,,"1 room, 1 adult","['43.63874', '-79.39955']"
"CN Tower View : Business & Travel Suites, Toronto",HOTEL,,,,Good7.0,"1 room, 1 adult","['43.66198', '-79.38649']"
"Applewood Hills Apartment, Mississauga",HOTEL,$96 CAD,,,Very Good8.0,"1 room, 1 adult","['43.63272', '-79.59058']"
"Luxury Waterfront City Place Condo, Toronto",HOTEL,,,,Good7.0,"1 room, 1 adult","['43.63979', '-79.39794']"
"Sunset Corner, Vaughan",HOTEL,,,,Superb9.0,"1 room, 1 adult","['43.83718', '-79.45876']"
"Kensington Apartments, Toronto",HOTEL,$59 CAD,,,Fair5.0,"1 room, 1 adult","['43.652169', '-79.402284']"
"Executive 3BR next to Scotia Arena, Toronto",HOTEL,$250 CAD,,,Good7.0,"1 room, 1 adult","['43.6418', '-79.382808']"
"High-Rise Junior 2Br Condo downtown, Toronto",HOTEL,$109 CAD,,,Good7.0,"1 room, 1 adult","['43.64154', '-79.38144']"
"QuickStay - Yorkville Paradise (Yonge & Bloor), Toronto",HOTEL,$113 CAD,,,Good7.0,"1 room, 1 adult","['43.67037', '-79.39482']"
"416 Toronto condominiums, Toronto",HOTEL,,,,,"1 room, 1 adult","['43.6597', '-79.38583']"
"QuickStay - Extravagant Downtown Condo, Toronto",HOTEL,,,,,"1 room, 1 adult","['43.64786', '-79.39028']"
"The Jameson Stays, Toronto",HOTEL,$101 CAD,,,Exceptional9.6,"1 room, 1 adult","['43.63711', '-79.43533']"
"The Maple Boutique Suites, Toronto",HOTEL,$140 CAD,,,Exceptional9.6,"1 room, 1 adult","['43.64291', '-79.38054']"
"Grand 2BR Condo with Great Views, Toronto",HOTEL,,,,Good7.0,"1 room, 1 adult","['43.64761', '-79.39057']"
"Gorgeous 2BR with Stunning Views, Toronto",HOTEL,,,,Exceptional9.6,"1 room, 1 adult","['43.65466', '-79.37912']"
"Brand New 2BR Town Home with Parking, Toronto",HOTEL,,,,,"1 room, 1 adult","['43.6555', '-79.35361']"
"Stunning Two Level Home 3 Bedrooms, Toronto",HOTEL,,,,Exceptional9.6,"1 room, 1 adult","['43.63971', '-79.43429']"
"The Dover Boutique Suites, Toronto",HOTEL,,,,Very Good8.0,"1 room, 1 adult","['43.64316', '-79.42246']"
"QuickStay - Chic Condo in Yorkville (Yonge & Bloor), Toronto",HOTEL,$112 CAD,,,Good7.0,"1 room, 1 adult","['43.67037', '-79.39482']"
"Penthouse with CN Tower view, Toronto",HOTEL,$276 CAD,,,Exceptional9.6,"1 room, 1 adult","['43.63712', '-79.40462']"
"Markham Luxurious Home, Markham",HOTEL,,,,,"1 room, 1 adult","['43.87807', '-79.24945']"
"Spacious 2 Br condo by CN Tower, Toronto",HOTEL,,,,,"1 room, 1 adult","['43.63979', '-79.39794']"
"Toronto Luxury Suites, Toronto",HOTEL,,,,,"1 room, 1 adult","['43.7561', '-79.41444']"
